Sample	condition	HECW2-AS1	ASPN	COL1A1.v20	CD38	CAMK2N1	SFRP4	ASPN.v24	TROAP	SRD5A2	COL1A1	EFNA2	GTSE1	COL1A1.v5	PGM5-AS1	MYBPC1	UGT2B15	GMNN	COL3A1	AC069228.1	ctg_20	HOPX	USP9YP32	ctg_23	PTPRN2	SLC22A3	ANO7
X111208_UNC10_SN254_0313_BD087RACXX_ACTTGA_L002	LR	4.55738	0.255496	0	3.16304	0	0	1.72298	0	3.9397	0	1.72006	0	0	5.05783	4.79254	0	0.407339	1.87655	0	0	0	0	0	5.48727	3.00592	3.3447
X111212_UNC15_SN850_0155_AD087AACXX_ACTTGA_L005	LR	4.30067	2.06269	1.06159	2.16125	0	2.14754	3.92983	0.665507	3.04488	0	0	0	1.34454	2.94254	4.61963	0	0	0	0.00462964	0	0.789972	0.140871	0.147678	5.08007	1.64906	3.61137
X111212_UNC15_SN850_0156_BD0KGCACXX_ACTTGA_L001	HR	3.71097	0.694556	1.21838	2.89693	0	0	3.01264	1.52007	3.53418	0	1.44907	0	1.21838	4.04252	4.64733	1.63155	0.500505	0	1.69842	1.09352	1.24989	0.805798	0.0572807	5.46717	2.32846	3.91966
X111212_UNC15_SN850_0156_BD0KGCACXX_ACTTGA_L008	HR	4.33964	2.22187	0	0	0	0	2.77952	2.41514	3.02605	0	0	0	0	3.95041	4.78665	4.84025	0	0	0	0	1.40812	1.38365	0	4.86823	2.54169	3.07736
X111216_UNC10_SN254_0314_AD0JVAACXX_GATCAG_L004	HR	4.43389	0.140722	1.35351	3.5321	1.66893	0	2.36579	0	3.27595	0.743949	1.59508	0	0	4.54656	4.89622	1.11791	1.53772	1.35351	0.0035165	2.72623	0.835079	1.46565	2.41698	4.82393	2.29576	4.78908
X111219_UNC11_SN627_0175_BC0CKKACXX_ACTTGA_L001	HR	4.6258	0.701414	1.76282	0	1.07553	1.36029	0.658799	0	3.84113	0.848966	0.774311	0.625508	1.07553	3.75017	4.4514	0.0703545	0	0	0.00236719	0	0.582315	0	0	5.93397	3.1539	2.97892
X111219_UNC11_SN627_0175_BC0CKKACXX_ACTTGA_L003	HR	4.38191	0	0	4.50891	0	0	1.29778	0	3.77584	0	0	0	0	5.65664	5.59114	0	0	1.11328	0	0	0.749099	0.50331	0	5.46857	3.99599	4.21904
X111219_UNC11_SN627_0175_BC0CKKACXX_ACTTGA_L004	HR	3.89063	0.708367	1.28399	4.59919	0	1.28399	1.93439	0	3.81617	0	0	0	1.28399	4.91833	3.83658	0	0	2.17851	0.804974	0	0.347407	0	0	5.20657	2.89684	4.00241
X111219_UNC11_SN627_0175_BC0CKKACXX_ACTTGA_L005	LR	4.78644	0.657896	0	3.7084	0	0	2.22818	0	2.41349	0	0	0.33144	0	3.6716	5.4887	0	0	0	0.0743169	0	0	0.944642	0	6.02019	1.68015	4.66645
X111219_UNC11_SN627_0175_BC0CKKACXX_CAGATC_L004	LR	4.80412	0	0	3.71186	0	0	0.984407	1.3593	3.66279	0	0.900961	0	0	4.2214	5.57492	0	1.49787	0	0.0869912	0.326275	0	0	0.923607	5.30444	3.24614	5.06298
X111219_UNC11_SN627_0175_BC0CKKACXX_GCCAAT_L005	LR	4.31735	1.77219	0	2.85502	0	1.31617	2.02029	0	4.24438	0.190564	0.134214	0.343142	0	4.08893	5.30793	0	0	0	0	0	0.116939	0	0.270593	5.78618	3.1987	4.8203
X120201_UNC11_SN627_0181_AC0CETACXX_CAGATC_L002	HR	2.34346	1.79056	1.97693	0.575247	1.41349	0	3.87182	2.47536	0.33742	2.48537	0.642035	2.41468	1.41349	0	2.59832	0.816124	0	1.73438	2.02844	0	0	0	1.11696	5.25896	1.92789	4.51143
X120201_UNC11_SN627_0181_AC0CETACXX_GATCAG_L003	HR	4.25106	2.29903	1.90587	3.9196	0	0	3.74562	1.35134	2.88473	2.13852	1.29106	1.83989	1.35134	3.28704	3.58538	0	0	1.66656	1.48758	0	0.833425	2.26645	1.05945	4.39634	2.32473	3.42279
X120201_UNC11_SN627_0181_AC0CETACXX_GCCAAT_L001	LR	3.66937	0.188092	0	3.18899	0	0	1.86695	1.28683	3.77739	0	0	1.28683	0	6.17796	4.01443	0	0	0	0.295758	1.3454	1.7825	0	0.300379	4.04931	1.98265	3.47987
X120201_UNC11_SN627_0181_AC0CETACXX_TAGCTT_L004	HR	3.82889	1.97131	1.92732	2.82736	1.5921	3.19803	3.65731	0	2.28627	1.90517	1.50453	0.461914	1.92732	2.17794	3.04735	2.33264	0	1.5921	2.50218	0.625826	0	1.11031	1.98352	4.39738	0.502194	3.92573
X120215_UNC10_SN254_0327_AC0CMCACXX_ACTTGA_L002	HR	3.4159	0	2.52413	0	5.53183	0	2.43576	0	2.03678	0	0	0	0	2.35771	5.78331	1.57416	0.528132	0	0	1.43244	0.160366	3.09663	1.09498	4.24679	0	5.30377
X120215_UNC10_SN254_0327_AC0CMCACXX_ACTTGA_L004	HR	4.38341	0	2.82009	2.66117	1.5983	1.93397	2.52523	0	4.00646	2.0768	0	2.0291	0	4.38068	5.63508	0	0	0	0.189065	0	0	0	0.593548	4.16066	2.73848	4.54336
X120215_UNC10_SN254_0327_AC0CMCACXX_ACTTGA_L006	HR	4.78886	0	2.05671	3.40073	3.95416	0	2.92523	0	3.15448	0	1.35369	0	0	4.0175	4.31975	0	0	2.05671	0.334683	0	0	0	0.611986	5.80448	3.50275	3.89416
X120215_UNC10_SN254_0327_AC0CMCACXX_GATCAG_L005	LR	5.08774	0	1.55703	3.86722	1.88966	0	1.59049	0	3.3577	0	0	1.022	0	4.01275	4.48337	0	0	0	0	0.713049	0	0	0.0183685	5.68047	4.06408	4.62689
X120215_UNC10_SN254_0327_AC0CMCACXX_GATCAG_L007	LR	5.2829	0	1.58515	4.1012	2.53687	0	2.71791	0	3.57079	2.06238	0.477868	0	0	3.73146	6.21474	0	0	0	0	2.19451	0	0	0.304057	5.98333	3.76198	4.97055
X120223_UNC12_SN629_0186_AC0GA2ACXX_ACTTGA_L001	LR	4.94007	0	0	4.12132	0	0	1.63788	1.16163	3.31099	1.23791	0	1.01382	0	4.46142	5.27578	0	0	1.45691	0	0	0.764281	0	0	5.56078	4.10888	4.49892
X120223_UNC12_SN629_0186_AC0GA2ACXX_ACTTGA_L002	HR	4.27425	0	1.38008	3.05723	2.04047	1.69797	1.85814	0	3.00067	0	2.37105	0.260456	1.69797	3.64258	4.18526	0	0	0	0.822364	0	0.70026	0.756395	0	6.27399	2.57002	4.64589
X120223_UNC12_SN629_0186_AC0GA2ACXX_GATCAG_L008	HR	3.4164	2.17193	0	1.73433	0	1.73433	3.18156	2.97862	2.20566	0.540994	0	2.43526	0.938071	0	5.45309	4.33374	1.91635	0	0	0	0.991924	0.55757	0	4.57896	2.43071	2.65791
X120223_UNC12_SN629_0186_AC0GA2ACXX_TAGCTT_L007	HR	3.17993	2.1172	1.49766	1.98672	2.07222	1.49766	4.17082	2.26986	2.34237	0	0.31144	0.419159	1.49766	2.26986	4.17773	1.26816	1.71841	1.82565	1.98807	0	1.7999	0	0.721166	6.1953	2.70034	3.7149
X120425_UNC11_SN627_0224_BD0VAKACXX_CAGATC_L002	LR	5.05465	0	1.72203	1.86526	0	1.72203	2.40721	0	2.37813	2.75184	2.93273	1.38312	0	2.5249	6.11742	2.02114	0	0	0	1.52051	0.812449	0	0	5.56324	2.91029	5.13457
X120425_UNC11_SN627_0224_BD0VAKACXX_CAGATC_L006	HR	0	1.96799	2.55685	2.77986	1.09277	0	2.69756	2.18943	0	2.75955	4.0158	1.12547	0	1.60243	2.29469	3.08865	0	1.60243	0.905888	1.70761	0.43223	1.40922	0.813707	2.93613	1.72738	0
X120425_UNC11_SN627_0224_BD0VAKACXX_GATCAG_L003	HR	3.71455	0	0	3.80918	0	0	2.65307	0	2.4968	0	2.16532	1.38186	0	3.03889	5.60312	3.15734	0	0	0	0	0	1.99637	0.179695	5.45794	3.57003	4.84579
X120425_UNC11_SN627_0224_BD0VAKACXX_GATCAG_L005	HR	5.40339	0.474554	0	2.84643	0	1.9124	3.09952	2.52882	0	0	0	2.40661	0	0	5.82879	0	0	0	0	0	1.67279	1.72552	2.95754	5.35461	3.00722	4.81302
X120425_UNC11_SN627_0224_BD0VAKACXX_GATCAG_L007	LR	3.558	0	0	1.7328	0	0	2.0226	0	1.85252	0	0	0	0	2.37983	5.42262	0.846614	0	0	0	0	0	0	1.33632	4.87061	3.27669	4.02077
X120425_UNC11_SN627_0224_BD0VAKACXX_GCCAAT_L001	LR	4.2378	0.158108	0	4.08736	0	0	2.54378	0	2.32618	0	0	0	0	2.64036	5.04462	1.35741	0	1.44799	0	0	0	0	0.987186	5.85576	4.01501	3.12411
X120425_UNC11_SN627_0224_BD0VAKACXX_GCCAAT_L005	HR	4.4545	0.781911	0	0	1.89188	0	3.08605	1.4394	0.897463	0	0	0.959001	0	1.76255	3.12336	0.822036	0	0	0	0	0	0	1.06603	5.26833	1.14596	3.92206
X120425_UNC11_SN627_0224_BD0VAKACXX_TAGCTT_L007	LR	4.85061	0	0	4.224	0	0	1.84503	0	3.87694	0	0	0	0	5.9653	5.18331	0.305811	0	0	0	1.13353	0	0	0.810184	6.41591	3.901	4.20826
X120430_UNC10_SN254_0353_AC0TGUACXX_ACAGTG_L005	LR	5.12533	0.146927	1.38807	4.66579	0	0	2.11439	0	3.29213	0	0.275006	0	0	4.06277	6.0609	0.107487	0	0	0	0	0	0	0.176913	5.86599	3.39792	5.2118
X120430_UNC10_SN254_0353_AC0TGUACXX_CAGATC_L007	HR	4.27413	1.17733	2.29145	0	0	2.09327	3.38046	2.66262	0.680542	1.57468	1.43065	0.725957	1.51638	2.93271	4.98896	0	1.51638	0	0	0.33295	1.98832	1.71403	2.16041	5.69077	1.02168	4.23896
X120430_UNC10_SN254_0353_AC0TGUACXX_CGATGT_L008	LR	3.52956	0.872229	0	0	3.28371	0	3.10826	0	2.08907	0	0	0	2.17249	1.73485	4.60325	1.82399	1.37892	0	2.05764	0	0	0	0.431275	5.95815	3.6421	3.6144
X120430_UNC10_SN254_0353_AC0TGUACXX_GATCAG_L007	LR	5.24105	0	1.35123	3.26663	1.90573	0	2.14016	0	4.58534	0	0	0	1.90573	4.72406	6.25887	0	0	0	0.0035057	0	0	0	0	5.81673	3.2444	4.99796
X120430_UNC10_SN254_0353_AC0TGUACXX_GCCAAT_L002	HR	5.03359	0	1.23602	2.97652	0	0	1.48393	1.96076	1.16489	0	0.826457	0	1.23602	2.37654	5.08673	3.399	0.200481	0	1.04737	1.53963	1.06019	0	0.541901	5.64989	3.25138	4.40651
X120430_UNC10_SN254_0353_AC0TGUACXX_TAGCTT_L008	LR	3.93168	1.30632	1.59641	5.18596	0	0	1.8536	0	2.47086	0	1.83211	0	0	2.73628	3.73749	0	0	0	0.00321389	0	1.74229	0	0	5.75102	1.89976	4.764
X120501_UNC11_SN627_0226_AC0TGKACXX_ACAGTG_L004	HR	2.6413	1.55018	0	2.8448	1.7785	0	3.25595	3.27431	2.02304	0	2.53804	2.43502	0	1.4541	2.87994	1.81946	0	0	2.2903	0	0.557098	0	0.704665	5.66883	2.11509	3.11254
X120501_UNC11_SN627_0226_AC0TGKACXX_GATCAG_L007	LR	3.17092	1.62204	0	2.09926	2.76902	0	3.52254	2.68769	2.49211	0	0.504038	0.484043	0	3.15335	5.25987	0	1.11109	0	0	0	2.14336	1.92826	0.210467	5.84624	2.97248	6.24295
X120501_UNC11_SN627_0226_AC0TGKACXX_GCCAAT_L004	LR	4.64732	0.359803	1.81522	4.82983	1.40743	2.3279	2.71335	1.11742	4.06041	0.146891	0	0.571749	1.11742	4.57109	5.89093	0	0.6601	0	0	0	0.35118	0.803875	0.576052	5.69442	3.06064	4.85092
X120501_UNC11_SN627_0226_AC0TGKACXX_GCCAAT_L007	HR	2.59377	1.61013	1.14508	3.67464	0	0	3.53473	0	1.63844	0	2.06422	0	0	2.83733	4.51665	0	0	0	0.644168	0	1.93746	0.998481	0.251848	5.0313	1.40977	3.5088
X120501_UNC11_SN627_0226_AC0TGKACXX_TAGCTT_L002	LR	5.08456	2.00945	2.52617	3.68464	0	1.81051	3.60356	1.26885	3.15065	1.88786	0	0	0	3.60536	5.67289	0.135163	0	0	0.101349	0	0	0	1.69892	5.68273	3.93736	5.07304
X120501_UNC11_SN627_0226_AC0TGKACXX_TGACCA_L003	HR	4.69913	0.529655	2.549	4.02716	1.37335	2.12482	3.84652	2.48966	2.80359	2.9035	0.841178	1.3353	2.42657	3.90503	5.25516	0.93912	0	1.37335	1.59404	0	1.53012	0	2.58706	6.08082	2.48284	5.01825
X120501_UNC11_SN627_0226_AC0TGKACXX_TGACCA_L008	LR	4.4531	0	0	5.27884	0	0	1.04667	2.31479	2.78681	0	0	1.17052	0	4.25648	6.07905	0.229676	1.24934	0	0	1.06491	0	0	0	6.33362	3.05743	4.52058
X120501_UNC16_SN851_0154_BC0MB8ACXX_ACTTGA_L005	LR	4.89505	0	1.00565	1.92442	0	1.28108	1.77784	1.00565	3.7786	0	0.761076	0	0	4.7486	3.27166	0.615447	0	0	0.0105799	0	0.33219	0	0	5.86874	3.13375	2.76965
X120501_UNC16_SN851_0154_BC0MB8ACXX_ACTTGA_L007	LR	4.9093	0.762527	1.44915	3.87947	0	0	2.96698	1.15468	0.752149	0	1.86137	0.565628	0	0	4.41921	0.400119	0.686994	0	0.22684	0	1.32592	1.02312	1.96002	6.69892	0	3.14072
X120502_UNC14_SN744_0235_BD0YUTACXX_TAGCTT_L001	LR	5.12659	0	0	3.56278	1.11114	0	1.64161	0	4.01985	0.740645	0.916911	1.00509	0	5.09379	5.32443	0.405361	0	0	0.0452194	0	0	0	0.434872	6.00263	3.39683	4.24324
X120502_UNC14_SN744_0235_BD0YUTACXX_TAGCTT_L002	LR	4.98538	1.28899	0	4.54858	0	1.28899	3.65971	1.28899	3.03917	0	0	1.75754	0	4.11854	4.62392	0	1.3832	2.02456	1.10132	0	0.540598	0	1.32423	6.35973	3.85963	4.7903
X120502_UNC14_SN744_0235_BD0YUTACXX_TAGCTT_L003	HR	4.26143	2.60924	2.72652	1.46944	1.5195	1.5195	4.67876	0	3.07597	0.24264	0.754874	0.849604	2.29504	3.9991	3.78053	0.79409	1.08087	2.09677	2.87911	1.64189	1.32404	0	0.40202	5.58039	2.6023	3.8878
X120502_UNC14_SN744_0235_BD0YUTACXX_TAGCTT_L004	HR	1.95729	1.59481	2.39328	0	0	3.25321	3.12801	2.91297	0	1.72134	1.28599	1.47199	1.78753	0	4.79075	2.71643	0	2.59799	0	1.69045	0	0	0	4.44933	2.7325	0
X120502_UNC14_SN744_0235_BD0YUTACXX_TAGCTT_L005	HR	4.85566	2.81927	0	3.75529	2.13868	0	4.66383	1.38511	3.57344	1.72421	0.883277	0	1.38511	4.03269	4.94631	0	1.31452	1.70346	1.8875	2.04632	1.77518	0	2.21435	5.54361	3.19034	4.81284
X120507_UNC10_SN254_0355_AC0TR8ACXX_GATCAG_L005	LR	4.85169	0	0	5.04935	0	0	1.78435	0	3.65544	1.42892	0	1.32832	0	4.00862	6.85992	0	0	0	0.00348575	0	0	0	0	6.0555	3.0923	5.72407
X120507_UNC10_SN254_0355_AC0TR8ACXX_TAGCTT_L007	LR	4.95631	0	0	0	1.93893	0	2.23977	0	3.24985	0	0	0	0	3.82789	5.98833	0	0	1.29337	0.00485635	0	0	0	0.590725	6.69751	4.34343	5.19407
X120507_UNC11_SN627_0228_BC0MG7ACXX_ACTTGA_L006	LR	4.96693	0.372008	1.43766	0.849232	0	0	2.82442	0	2.42072	0	0	0	0	2.89726	5.27568	0.522711	0	0	0.881972	0	0	0	0.174578	6.00264	0.389119	3.65265
X120508_UNC13_SN749_0172_AD101FACXX_ACAGTG_L006	HR	3.55089	0	0	3.42693	0	0	1.45772	2.18005	2.87391	0	0	1.54956	0	1.90311	4.83497	2.80204	0	0	0	0	0.121951	0	0	5.42866	3.82562	3.65573
X120508_UNC13_SN749_0172_AD101FACXX_CGATGT_L004	HR	4.4879	0.328525	0	0	0.907407	0	3.14279	0	3.37658	0	2.18111	0.366978	1.93319	3.0063	4.5405	0	1.58847	0	0.0529726	0	0	0	1.11467	6.41811	2.10721	4.4068
X120508_UNC13_SN749_0172_AD101FACXX_CGATGT_L008	HR	4.27036	0.939121	0	3.97306	0	0	1.90003	0	2.45432	0	1.62527	1.15831	0	3.09742	5.09207	0.4606	0.228132	0	0.823277	1.11046	0	0	0	5.34515	2.92829	4.93359
X120508_UNC13_SN749_0172_AD101FACXX_CTTGTA_L001	HR	4.46677	0.71693	1.84222	0	0	1.29617	3.13837	2.394	2.72813	0	0.750477	1.13918	1.29617	2.03316	5.39541	0	0.675775	0	0	0.779381	0	0.354062	0.966971	5.45816	1.54498	5.13656
X120508_UNC13_SN749_0172_AD101FACXX_CTTGTA_L003	LR	4.31877	0.413686	0	1.70837	0	0	2.92575	1.33012	2.96032	0	1.80016	0.606746	0	2.87295	4.99063	0	0	0	0.613236	0	1.12692	0	1.00361	6.10972	3.81099	4.48971
X120508_UNC13_SN749_0172_AD101FACXX_GCCAAT_L008	LR	4.94386	0	0	4.7363	0	0	1.60869	1.31128	3.09446	0	0	0	0	3.85197	6.16132	0	0	0	1.0972	1.47902	0	0	0.533313	6.49801	3.63888	5.62067
X120508_UNC13_SN749_0172_AD101FACXX_TGACCA_L006	HR	3.97684	1.59821	1.24041	3.8678	1.24041	1.54448	3.48179	1.87615	3.15572	0.993632	1.57171	0	0	4.31363	5.03463	0.500186	1.54448	0	0	1.985	0.896857	0.732894	1.81369	4.84841	2.26172	4.24833
X120514_UNC10_SN254_0358_BC0M2KACXX_CTTGTA_L002	HR	3.34023	2.36899	2.47572	0	2.56336	1.67824	4.04979	3.02541	3.1025	0	0	1.55965	1.45093	3.07692	5.28884	0	0.688147	1.67824	0.415933	1.03498	1.52901	0	2.23317	5.24387	2.298	2.57508
X120514_UNC11_SN627_0229_AD121AACXX_ACTTGA_L008	HR	3.01994	2.81299	1.69392	0	0	3.2357	4.36192	0	0.694524	1.11501	1.1695	0.74678	2.03616	0	3.4151	4.31225	0	0	0	1.5477	1.69392	0	1.70597	5.82452	2.47277	4.09746
X120514_UNC11_SN627_0230_BC0UYHACXX_TTAGGC_L001	LR	4.49633	0.197984	0	4.71634	0	1.12492	2.15415	1.64092	2.5937	0	2.10052	0	0	3.33362	6.25573	0.145812	0	0	0	0	0	0	0	6.3795	0.526692	5.39362
X120514_UNC16_SN851_0159_BC0TARACXX_ACAGTG_L006	LR	4.46873	0	0	4.41759	0	0	0.76004	0	3.73015	0	0	0	1.47839	5.22322	5.64051	0	0	1.47839	0.056534	0	0	0	0	5.58011	2.36023	4.51366
X120514_UNC16_SN851_0159_BC0TARACXX_CAGATC_L004	LR	5.19932	0	0	0.289027	0	0	2.48695	1.85035	2.74273	0.893481	1.73281	0	0	2.83827	5.08674	0.265062	0	0	0.0667998	0	0	0	0	6.0288	3.76126	3.23316
X120514_UNC16_SN851_0159_BC0TARACXX_CAGATC_L007	LR	2.35854	1.28743	0	3.80812	0	1.22443	2.61396	0	1.64567	0	0	0	0	2.51854	5.1827	0	0	0	0	0	0	0	0	4.65297	3.21173	4.24618
X120514_UNC16_SN851_0159_BC0TARACXX_CTTGTA_L002	LR	3.457	0	0	4.81301	0	0	1.81705	0	2.43059	0	0	0	0	3.46445	6.45969	0	0	0	0	0	0	0	0	6.01845	3.04672	4.86554
X120514_UNC16_SN851_0159_BC0TARACXX_GATCAG_L008	HR	5.10337	1.78237	1.44435	0	2.37186	2.01199	3.55446	2.20803	1.22472	0.558178	0	0	0	2.11481	4.98326	3.50875	0	0	0.499454	0	1.56679	2.16808	2.04105	5.35059	3.54011	2.5905
X120514_UNC16_SN851_0159_BC0TARACXX_GCCAAT_L005	LR	4.29346	0.1343	0	3.53964	0	0	1.5006	0	2.60341	0	0	0	1.31667	4.66479	5.22954	0.0980846	0	0	0	0	0	0	0.217814	5.68555	3.25356	4.4494
X120514_UNC16_SN851_0159_BC0TARACXX_GCCAAT_L008	LR	4.12478	0.124321	0	1.82255	0	0	2.33023	0	3.89826	0	0	0	0	4.64558	5.08355	1.38967	0	0	0	0	0.619211	0	0	5.32783	2.49969	3.42077
X120514_UNC16_SN851_0159_BC0TARACXX_TAGCTT_L007	LR	4.66635	0.116972	0	3.56483	0	0	1.43294	0	3.20951	0	0.591432	0	0	3.74382	5.32127	0	0	0	0	0	0.101804	0	0.246954	5.4819	3.01481	5.13524
X120521_UNC12_SN629_0212_AC0RWNACXX_CAGATC_L002	LR	3.88639	1.97525	1.92062	5.07921	1.68063	1.3642	4.08222	0	3.17099	0.370248	2.45565	0	1.3642	3.12871	4.25098	0	0	0	0.411619	1.3642	1.65566	0	0	6.17404	2.22488	5.18336
X120521_UNC12_SN629_0212_AC0RWNACXX_CTTGTA_L003	LR	5.48137	0	0	5.02121	0	0	2.75154	0	3.52674	0	0.473779	0.622523	0	4.14144	6.19078	0.150959	0	0	0	0	1.12935	0	0	5.98712	2.16064	5.25836
X120521_UNC12_SN629_0212_AC0RWNACXX_GATCAG_L002	LR	5.26925	0	0	3.80209	0	1.60118	1.56616	1.60118	2.88953	0	0.0991034	0.869452	1.09173	2.69841	6.49359	0	0	1.09173	0	0	0.732219	0	0	6.75125	2.69841	5.74371
X120529_UNC16_SN851_0165_BC0UMTACXX_CAGATC_L005	LR	4.42214	0.804253	0	4.22153	0	0	2.62551	0	3.16406	0.877099	0.89235	0	0	4.08872	4.70211	0	0	0	0.109005	0	0	0	0.0864998	5.97482	3.02308	4.35875
X120529_UNC16_SN851_0165_BC0UMTACXX_GATCAG_L005	HR	2.198	2.76064	1.87034	1.48875	0	2.77875	4.41114	1.32049	0.806381	2.12717	0	0.600798	2.14586	0	0	0	0	1.32049	4.68984	0	0.317982	3.89491	2.21644	6.22949	0	4.42622
X120529_UNC16_SN851_0165_BC0UMTACXX_TGACCA_L004	LR	4.6584	0.156548	0	2.9814	0	0	3.17736	1.76298	2.88938	0	0	0	0	2.74016	5.23512	0.874344	0	0	0	0	0	0	0.61238	4.5972	2.39947	3.974
X120604_UNC13_SN749_0179_AC0V5LACXX_CGATGT_L001	HR	2.21968	0.99285	1.22992	2.98378	2.20496	1.22992	2.78976	2.66133	1.82976	0.221785	1.59938	1.83185	1.6164	1.6164	3.03356	0	1.5717	0.960871	0.660986	2.38538	0.917862	0	0.686504	5.22467	2.009	2.87752
X120604_UNC13_SN749_0179_AC0V5LACXX_CGATGT_L007	HR	4.54646	1.64649	1.61536	4.6589	1.61536	0	3.6416	0	3.27999	0.734727	1.83245	0.264076	2.30924	3.0981	5.51776	0.961521	0	1.39185	0.0316329	0	1.60621	0	1.31588	6.21194	2.17878	4.93979
X120604_UNC13_SN749_0179_AC0V5LACXX_GCCAAT_L002	LR	4.86011	1.38431	0	1.63496	0	1.72444	2.39791	0.930769	2.7936	0.464329	0.149912	0.930769	0.930769	4.40261	5.44693	0.0833937	0	0.930769	0.00188345	0	0.299508	0.842151	0.00757745	5.81467	2.02454	4.59059
X120604_UNC13_SN749_0180_BD127FACXX_CGATGT_L001	LR	4.18915	0.456445	0	0.974027	0	0	2.55283	1.45796	2.69644	0.780975	0	0	0.741489	3.03414	4.36639	0	0	0	0.00269345	0	0.787991	0	1.28566	4.8895	2.44253	3.91053
X120604_UNC13_SN749_0180_BD127FACXX_GCCAAT_L002	HR	4.40626	1.65387	2.21354	2.51358	0	3.03438	3.58129	2.07744	2.42043	1.65025	1.08533	1.74295	2.21354	1.91986	6.55892	0	0	1.73272	0	0	1.67495	2.85316	1.03502	5.78615	0.830006	5.30533
X120604_UNC13_SN749_0180_BD127FACXX_GCCAAT_L003	HR	3.33649	0.123773	2.50678	0	2.21223	1.55922	2.76711	1.98218	2.39178	2.0464	0.233899	1.07846	1.55922	2.50678	2.8491	0	1.48472	1.55922	1.55339	1.81579	0.10777	0	0.458992	6.31762	3.14042	4.92586
X120604_UNC13_SN749_0180_BD127FACXX_GCCAAT_L005	LR	5.09394	0	0	4.13949	0	0	2.21768	2.11229	3.10605	1.38164	0	0.614016	0	2.57353	5.45598	1.48793	0	0	0.586704	0	0.631735	0	1.2073	5.48905	3.47682	5.27677
X120611_UNC15_SN850_0219_BD120UACXX_ACAGTG_L008	LR	4.22329	0	1.87514	4.83572	1.32465	0	2.29747	0	3.82714	1.98307	1.26495	0	1.32465	3.74745	5.99133	0.419314	0	0	0	0	0	0	0	5.99133	2.35229	5.18528
X120710_UNC12_SN629_0215_BC0WRNACXX_TGACCA_L005	LR	4.13894	0	0	0	0	0	0	0	3.59569	0	0	0	0	4.41702	5.28702	0	0	0	0.334935	0	0	0	2.6288	5.82257	2.50087	3.07315
X120710_UNC12_SN629_0215_BC0WRNACXX_TGACCA_L006	LR	4.0683	0	0	3.3993	0	0	0	0	3.95439	0	0	0	0	4.45318	3.97213	0	0	0	1.68794	0	0	0	2.27725	4.94112	3.11082	1.47629
X120710_UNC16_SN851_0169_AC0VVKACXX_CAGATC_L004	LR	4.1675	0	0	3.31734	0	0	1.81708	0	4.50608	0	0	0	0	3.96531	4.67608	0	0	0	1.3589	0	0	0	2.46688	5.2201	0	3.88742
X120710_UNC16_SN851_0169_AC0VVKACXX_CAGATC_L007	HR	0	0.457064	0	0.86548	0	0	0.56489	0	2.95031	0	0	0	0	0	3.80748	0	0	0	0.142448	1.96238	0	0	2.23804	2.48567	0.967358	1.08165
X120710_UNC16_SN851_0169_AC0VVKACXX_TGACCA_L001	LR	5.40099	0	0	4.66685	0	0	0	0	4.62679	0	0	0	0	4.57935	5.40362	0	0	0	0.322635	0	0	0	1.30801	5.78044	3.52878	4.28521
X120710_UNC16_SN851_0169_AC0VVKACXX_TGACCA_L002	HR	2.88608	0	0	2.54569	0	0	1.49714	0	1.88408	0	0	1.20908	0	0	3.07656	0	0	0	0.50394	0	0	0	2.90868	0	1.79413	0
X120713_UNC16_SN851_0171_BD1358ACXX_ACAGTG_L005	HR	4.29876	0.614432	2.25507	3.71243	1.90071	0	2.8395	0.66703	2.95033	0.985074	0	1.29627	0	3.73249	3.68007	0	0.791684	1.34686	1.57288	0	0.953628	0.321632	0.400789	4.95138	2.07383	4.84531
X120713_UNC16_SN851_0171_BD1358ACXX_ACTTGA_L002	LR	3.50874	0	0	4.75651	0	1.37082	2.12487	0	3.03324	0	0.733635	1.23091	0	3.50629	5.66763	0	0	0	0	0	0	0	0	6.96636	0.967952	5.2513
X120806_UNC17_SN7001277_0041_BD132VACXX_ACTTGA_L007	LR	5.31622	0	0	4.4758	0	0	1.70952	1.27362	3.31666	0	0.239744	1.13891	0	4.37576	5.1614	0	0	0	0.134259	0	1.01336	0.542706	0	5.83488	3.75207	4.63185
X120814_UNC12_SN629_0220_AD13JAACXX_AGTCAA_L002	LR	5.36617	0	0	4.28396	0.746189	0	1.4953	0	3.08117	0	0	1.0204	0	3.88537	5.65405	0	0	0	0.344244	0	0.0960494	0	0.462106	6.3435	3.90044	5.40077
X120814_UNC12_SN629_0220_AD13JAACXX_AGTTCC_L004	HR	4.97068	0	0	3.23142	1.76455	1.0769	2.35717	0	2.45761	0	1.40024	1.09325	0	3.43403	5.23141	0.284187	0.532886	0	0.184865	0	1.48868	0	1.56646	5.83946	3.75472	4.26775
X120814_UNC12_SN629_0220_AD13JAACXX_CAGATC_L003	LR	3.47839	0	0	3.84159	0	0	2.26722	1.79818	2.44797	0	1.94495	0.264145	0	3.64508	4.87709	0.62841	1.39207	1.39207	0.268408	0	0.46717	0	0.226677	5.93992	2.15338	4.43637
X120814_UNC12_SN629_0220_AD13JAACXX_CGATGT_L004	HR	5.03103	0.112638	0	1.80779	0	0	2.7882	0.757366	2.84409	0	1.81266	0	1.18335	3.97221	5.72347	1.48114	0	0	0	0.696542	1.60227	0.967371	2.83898	6.13799	2.35751	5.0446
X120814_UNC12_SN629_0220_AD13JAACXX_GATCAG_L006	LR	3.94768	0.13813	0	3.65889	0	0	1.88407	0	2.37579	0	0	1.37501	0	3.54883	6.34847	0	0	0	0.61864	0	0.227815	0	0	5.98955	2.75349	4.98139
X120814_UNC12_SN629_0220_AD13JAACXX_GCCAAT_L001	LR	4.79798	0	0	4.11145	0	0	1.33059	0	3.01268	0	0	0	0	4.04568	5.54979	0	0	0	0.00245753	0.368547	1.6385	0	0.9942	5.7584	2.17459	4.87534
X120814_UNC12_SN629_0220_AD13JAACXX_GCCAAT_L008	HR	1.43964	1.47572	0	3.02393	0	0	3.13552	2.49287	2.63371	0	2.52455	0.956566	0	3.86806	3.50745	0	0	0	0	1.51769	1.06656	1.5884	0.509985	3.08918	2.27902	2.13249
X120814_UNC12_SN629_0220_AD13JAACXX_TAGCTT_L008	HR	4.23421	1.44881	1.4098	3.05927	0	1.4098	2.9617	1.4098	3.81618	0	2.25679	0.994116	0	4.25761	4.43757	2.02803	1.44358	1.4098	2.96076	0	2.33073	2.13892	0.895264	5.02823	2.83272	3.74766
X120814_UNC12_SN629_0220_AD13JAACXX_TGACCA_L003	LR	5.34177	0.0960499	0	4.54985	1.07003	0	2.79968	1.35408	2.38182	0	1.10402	0	0	3.69554	4.98917	0	2.45291	0	0.0140031	1.98492	1.03971	1.00207	3.00696	4.79345	3.90248	5.20801
X120815_UNC16_SN851_0177_BD13LJACXX_ACAGTG_L007	HR	3.96267	1.42027	1.6179	3.8737	1.39423	1.95497	3.13353	1.39423	3.44733	0	1.48256	1.01834	1.6179	4.25891	5.73166	0.266274	0	0	0.00371317	0	0.993134	0	0.21523	5.72096	2.69543	4.49539
X120815_UNC16_SN851_0177_BD13LJACXX_AGTCAA_L008	HR	3.00883	1.47228	2.6628	0.88744	1.0665	1.75146	3.63205	1.21832	4.36543	1.16262	1.0491	0	1.57078	5.17746	6.05467	0	0	1.3501	0.0344644	0	0.813461	0	0	5.93802	1.73292	3.45652
X120815_UNC16_SN851_0177_BD13LJACXX_CGATGT_L007	HR	1.0077	1.64533	2.56812	0.561087	1.52874	1.94885	4.24327	1.7607	1.55369	0.981049	3.24465	0	2.30567	2.10715	3.62233	0.0869821	0.504885	0	1.10123	0	1.50472	2.5072	0.669756	3.12123	1.46898	2.27713
X120815_UNC16_SN851_0177_BD13LJACXX_CTTGTA_L006	LR	4.63173	0.940497	1.28576	3.17397	0	1.6794	2.41715	0	3.30019	0	0.940497	0.160837	0	4.63549	5.64861	0	0	0	0.00213874	0	0	0	0	5.53739	2.35139	4.30242
X120815_UNC16_SN851_0177_BD13LJACXX_GCCAAT_L008	LR	5.26299	0.0998367	0	4.86014	0	1.38435	3.04533	0	3.581	0	0	0	0	4.83371	4.2566	0	0	0	1.66688	0	1.16985	0.711629	0.0481965	6.0612	3.20297	4.56617
X120904_UNC14_SN744_0268_AC10DDACXX_GTGGCC_L004	LR	5.14868	0.386542	0	3.37342	0	0	1.98094	0	3.21577	0.866824	0	0	0	3.37342	4.59495	0	1.30239	0	0.439298	2.33423	0.458811	0	0.838339	5.96709	1.85753	4.61991
X120904_UNC14_SN744_0268_AC10DDACXX_GTTTCG_L005	HR	4.01436	1.34767	0	4.40342	0	0	3.11088	0.789674	1.98047	0	0.948747	1.38797	0	2.10609	3.43614	0	0	0	0.422219	1.7597	0.436105	0	0.521583	5.89773	3.34619	4.65462
X121011_UNC15_SN850_0238_AD13P9ACXX_NoIndex_L007	LR	4.75415	0	0	0.989924	0	0	2.19985	0	3.94648	0.189071	0	0	0	4.32288	5.28058	0	0	0	0.295353	0	0	0	2.78516	5.36946	2.72654	5.22676
X121011_UNC15_SN850_0238_AD13P9ACXX_NoIndex_L008	LR	4.43037	0	0	3.36898	0	0	0.419839	0	3.17258	0	0	0	0	3.39073	4.29601	0	0.842362	0	0.0876584	0.778839	0.133571	0	0.800914	5.09077	2.15148	4.75271
X121126_UNC9_SN296_0314_BC11Y0ACXX_ACAGTG_L004	HR	4.4556	2.57688	2.31592	0	1.59222	1.59222	3.90843	0	3.09125	1.10111	0.74139	0	0	3.51518	5.3615	0	0	1.28364	0.433578	1.28364	2.10854	0	0.209088	4.89857	1.93795	4.06897
X121126_UNC9_SN296_0314_BC11Y0ACXX_ACTTGA_L002	HR	2.82875	0	0	0	2.28438	2.28438	3.29874	3.31268	2.19345	0	2.68741	1.01665	0	0	3.80884	4.21797	0	0	3.02597	0	1.43678	0	1.39487	4.78803	1.85469	3.24253
X121126_UNC9_SN296_0314_BC11Y0ACXX_CAGATC_L002	HR	5.90595	2.13718	2.95541	1.71423	2.4787	0	4.0187	1.53513	2.54538	0	2.4625	0	0	3.71506	5.55554	0	0	0	1.54088	0	0	0	2.2117	6.13886	0	5.44246
X121126_UNC9_SN296_0314_BC11Y0ACXX_TAGCTT_L003	HR	4.38575	1.93038	1.60908	0.980551	2.0365	2.19683	3.49399	2.56454	2.71193	0	0.987109	0	0	3.21845	3.38959	0.373375	0	1.29896	3.31684	0	1.07791	0	1.52082	4.57427	2.19683	4.29486
X121127_UNC16_SN851_0192_AC0YN3ACXX_GCCAAT_L001	HR	4.46402	2.45059	2.28312	0.27349	0	3.21508	4.31596	1.7972	0.500401	2.41253	2.34846	0	2.28312	2.98935	5.30979	0	1.6101	1.7972	0	1.83137	1.47572	0	0.441055	5.34042	1.92738	5.22295
X130118_UNC12_SN629_0250_BD1MC5ACXX_GCCAAT_L008	HR	4.65038	0.194013	1.9604	4.22506	0	0	1.71859	1.39899	4.1618	1.54265	0	0	1.1099	4.95841	4.33081	0.296697	1.01403	0	0	1.07195	1.36415	0	1.03409	5.2898	2.78843	5.06332
X130205_UNC16_SN851_0213_AD1TC5ACXX_AGTCAA_L005	HR	1.38373	0	0	1.25236	0	0	1.13809	3.69408	0	0	4.05856	2.57619	0	0	4.81412	2.43493	0	0	0	0	0	1.53228	1.21184	1.40492	0	0.648644
X130205_UNC16_SN851_0213_AD1TC5ACXX_AGTTCC_L006	HR	3.69569	0.50643	0	2.90283	0	2.29741	3.6874	1.98291	0	0.865704	0.447989	1.44017	0	0	2.78577	0	2.17583	0	4.16594	2.23557	0	0	0.879091	4.74961	1.81973	2.55386
X130205_UNC16_SN851_0213_AD1TC5ACXX_CTTGTA_L003	HR	2.33878	1.06369	0	0	1.81632	1.58142	2.99233	2.42465	0.34731	0	0.341113	1.90634	0	0	2.62994	0	0	0	4.93317	0	0.161728	0	0.319174	4.19948	2.2747	2.50337
X130221_UNC9_SN296_0338_BC1PYCACXX_TTAGGC_L007	HR	2.09215	1.46339	3.18817	0	2.03355	0	4.30207	4.2935	0.428907	2.05012	2.54919	2.62352	2.65902	0	2.31566	0	1.03362	1.78857	0	1.60266	0	0	0.193674	3.70983	0	2.69119
X130226_UNC14_SN744_0315_AD1V5TACXX_ATCACG_L004	LR	5.22159	1.53413	0	3.97487	0	1.4565	2.68739	1.16125	3.24647	0	0	0	0	4.35398	5.69526	0	0	0	0	1.08186	0	0	0	6.03512	3.95958	4.38287
X130226_UNC14_SN744_0315_AD1V5TACXX_TGACCA_L007	HR	4.10558	0.184672	0	3.9171	0	0	1.88421	0	3.11928	0	0	0	0	4.29396	5.63188	1.45632	0	0	0.147041	0	0.123433	0.803421	0	6.23189	2.46908	4.07856
X130226_UNC14_SN744_0315_AD1V5TACXX_TTAGGC_L001	LR	3.84249	1.42725	0	3.7031	0	0	3.80074	0.836468	3.10508	0	0	0.716161	1.28548	4.54204	6.40803	0	0	0	0	0	0.11237	0	0.133199	5.86249	2.96837	5.10938
X130325_UNC12_SN629_0268_AC22W1ACXX_AGTTCC_L006	LR	4.14989	1.77471	0	4.3982	0	0	2.23813	0	4.8587	0	0	0	0	4.67929	3.38018	1.11708	1.71202	2.05544	0.86658	1.56517	1.43479	0	1.8448	5.23189	2.84158	5.00881
X130325_UNC12_SN629_0268_AC22W1ACXX_GATCAG_L008	HR	1.54111	2.54803	1.54111	0	2.00446	1.54111	4.54676	2.863	1.12221	0	3.11938	2.38109	0	1.87252	3.79725	0	2.26944	1.54111	3.97939	2.52725	1.88526	2.08517	1.9229	2.863	0	0
X130325_UNC12_SN629_0268_AC22W1ACXX_GTGGCC_L006	LR	3.41705	0.435552	0	2.17224	0	0	2.80674	0	4.01389	0	0.646944	0	0	4.78966	3.58353	2.18516	0	0	1.71209	0.622837	2.06859	2.41261	1.51534	5.17784	2.34279	4.15856
X130325_UNC12_SN629_0268_AC22W1ACXX_TAGCTT_L005	HR	4.86634	1.59958	0	5.34901	1.59958	2.18626	1.79289	0	3.66794	0	0	0	0	4.74994	6.0386	0	1.66961	0	0	2.17385	0	0	0.711296	5.81369	3.42918	5.40409
X130325_UNC16_SN851_0231_BC20VNACXX_ACTTGA_L004	HR	4.41573	2.6817	0	3.14849	2.19925	1.94787	4.68567	1.94787	1.24046	0	0	1.96205	1.61126	2.19925	2.6048	1.11264	1.49569	0	0	0	1.36501	0	1.71647	5.68925	3.58264	2.25989
X130328_UNC10_SN254_0443_AD238RACXX_AGTCAA_L003	HR	3.42334	1.64895	0	2.84234	1.5689	1.90241	3.20652	1.5689	1.79635	0	0.470138	0	0	2.15208	4.57944	0	0	0	0.0455875	1.45241	0	0	1.11555	6.58377	1.76769	4.69798
X130328_UNC10_SN254_0443_AD238RACXX_CTTGTA_L004	HR	1.7039	1.25074	1.5988	4.05594	0	1.93451	4.2872	2.93183	2.5723	0.474523	1.01733	1.98998	2.0678	1.5988	0	4.77162	2.50985	0	0.00723835	2.95494	2.41829	3.31508	3.81152	5.06818	0	4.40494
X130328_UNC10_SN254_0443_AD238RACXX_GATCAG_L001	HR	1.65882	2.90435	2.18063	1.37231	1.59451	2.69062	4.96999	0	3.77396	0	0.482354	0	0	4.53538	3.24013	0	2.34736	1.92991	0.0963631	0	1.98042	0.741585	1.87482	4.70886	3.2444	3.02969
X130328_UNC10_SN254_0443_AD238RACXX_GGCTAC_L002	HR	3.28358	1.76078	0	2.00388	0	1.69828	3.22718	1.69828	3.3552	0	0	0	0	5.68921	4.38509	2.05709	2.25373	0	0.179991	2.35605	0.594285	0	2.03649	4.78173	3.03699	4.559
X130328_UNC10_SN254_0443_AD238RACXX_GGCTAC_L003	HR	3.6561	2.48201	2.0439	1.75102	0	0	4.74005	2.29866	2.82293	0	3.6257	1.104	0	3.60668	3.67993	0	1.83977	1.70118	4.44975	2.07563	1.77287	0	2.45119	5.69275	1.55471	3.60096
X130328_UNC10_SN254_0443_AD238RACXX_GTTTCG_L005	LR	6.01557	0	0	4.14684	0	0	2.18122	0	2.68982	0	0	0	0	3.50016	5.8954	0	0	0	0.04809	0	0	0	0	6.35115	4.00699	5.49862
X130328_UNC10_SN254_0443_AD238RACXX_TAGCTT_L001	HR	4.27014	3.22708	2.58332	0	0	3.67559	5.37445	2.58332	1.07088	0	2.33174	3.16688	0	0	4.58997	0	0	2.0788	0.0744063	0	0.147536	0	3.56484	5.87491	0	1.83197
X130530_UNC9_SN296_0371_BC2528ACXX_ACTTGA_L004	HR	3.87716	0	0	2.41083	0	0	1.86368	1.952	3.3346	0	1.90579	2.06762	0	3.82623	5.89477	0	1.82124	1.49358	0.00422787	2.3042	0.145791	0	1.0929	5.84731	3.42538	5.40628
X130530_UNC9_SN296_0371_BC2528ACXX_GATCAG_L007	HR	2.80629	0.705083	2.30056	0	2.04574	0	3.30762	1.94399	0	0	0	1.22219	1.38461	0	3.9914	0	2.30056	0	0.132255	2.4618	1.85227	1.22219	0.492976	5.04441	2.72793	4.1519
X130530_UNC9_SN296_0371_BC2528ACXX_GGCTAC_L007	HR	4.01913	2.21944	2.74792	1.92929	3.46084	1.76986	3.63096	0	2.19856	0.318176	2.08019	0.680066	0	2.93687	2.82302	0	0	2.21011	0	0	0.634173	0	0.997596	5.76064	2.88786	2.05384
X130530_UNC9_SN296_0371_BC2528ACXX_GTGGCC_L005	LR	5.13763	1.67326	1.84168	1.14931	0	1.2957	3.67106	0	2.94991	0	0.24633	0	0	4.2856	6.13784	0	0	0	0.45301	0	0.966345	0.931797	0.603002	5.35011	4.35422	4.44462
X130530_UNC9_SN296_0371_BC2528ACXX_GTGGCC_L007	LR	5.36063	1.35095	2.22316	2.12975	1.91184	1.78202	3.70914	0	3.37473	0	0	1.26788	0	4.51744	6.74786	0	0	2.02672	0	0	1.88945	0	0.244722	5.71193	2.24278	4.73659
X130530_UNC9_SN296_0371_BC2528ACXX_GTTTCG_L005	HR	3.94751	2.33968	2.46247	1.76305	1.8511	2.0069	4.95021	2.89999	2.14572	1.37938	2.86197	1.72553	0	3.78271	5.65216	1.31206	1.58988	2.2604	0.182477	2.22237	1.01393	0	1.59577	5.08763	2.42096	0.712865
X130530_UNC9_SN296_0371_BC2528ACXX_GTTTCG_L008	HR	6.09046	0.388002	0	0	0	0	3.36884	2.79185	1.39167	0	1.46285	1.46613	0	0	7.18301	0	0	0	0.00660875	0	1.72012	1.52663	0.740434	6.44232	3.39522	5.01328
X130530_UNC9_SN296_0371_BC2528ACXX_TAGCTT_L004	HR	4.66095	0	0	2.99389	0	0	1.78796	1.37263	2.92715	0	0.144133	0	0	4.09292	6.79191	0	0	0	0	0	0	0	0	6.05252	4.49281	5.32465
X130530_UNC9_SN296_0371_BC2528ACXX_TAGCTT_L006	HR	4.27842	2.51809	1.94076	2.57844	1.60463	2.39243	4.68634	2.39243	3.661	0	0.716043	1.30395	2.19188	4.03714	4.89187	1.1436	0	0	0	0.633162	1.94076	1.14646	0.512363	4.66687	3.2131	3.80701
X130530_UNC9_SN296_0371_BC2528ACXX_TTAGGC_L005	HR	4.0379	0.737744	1.56227	0	0	0	3.70251	0	0	0	0	0	0	1.56227	3.87371	0	0.294678	0	0.00461467	1.47036	2.5841	0	0.781621	3.83375	0	1.5051
X130530_UNC9_SN296_0371_BC2528ACXX_TTAGGC_L008	HR	1.94034	2.74575	0	2.21444	1.91692	2.27213	3.94207	3.35166	0.795763	0	2.80288	2.93572	0	0	3.27242	0	0	0	2.87331	0	0.582724	0	2.24055	4.65776	4.73708	2.84222
X130606_UNC9_SN296_0372_AC277JACXX_ATCACG_L006	LR	5.67932	1.7191	0	2.29723	0	1.33678	2.343	0	2.1524	0	0.710043	0	0	2.9572	6.09846	0	0	0	0.154461	0	0	0	0.223231	5.61042	4.15639	4.57064
X130606_UNC9_SN296_0372_AC277JACXX_GATCAG_L001	HR	4.67261	2.50174	1.63577	0	0	3.2504	4.52881	1.9741	0	0	0	2.33216	1.63577	2.22644	5.56211	1.05492	0	0	1.17296	0	2.41105	0	1.35718	5.90484	0.524079	4.29943
X130606_UNC9_SN296_0372_AC277JACXX_GGCTAC_L001	HR	2.28846	1.60536	2.48476	2.66752	1.32164	2.22449	4.10764	2.36307	0	0	3.26501	2.43785	0	1.63401	3.83661	2.57168	0	1.63401	1.84137	0	1.55802	0	0.955275	5.42864	2.48476	0
X130722_UNC9_SN296_0385_AD2F28ACXX_ACTTGA_L006	LR	3.62532	1.11058	0	3.16665	0	0	1.78846	0	2.68687	0	0	0.415951	0	3.54176	4.1718	0	0	0	1.78486	0.357565	0	0	0	4.69428	4.07072	3.57336
X130722_UNC9_SN296_0385_AD2F28ACXX_ATCACG_L006	HR	3.50252	1.0974	0	2.84028	1.39487	1.39487	2.46842	0	2.98786	0	0	1.33681	0	3.80666	4.66765	0	0	0	0.00371636	0	1.44488	0	0.165739	5.43852	2.42334	3.86746
X130722_UNC9_SN296_0385_AD2F28ACXX_GATCAG_L007	HR	4.50624	0	1.72872	2.34756	1.40829	1.72872	2.77542	1.72872	3.63675	0	0	2.1659	1.40829	4.31929	4.98485	0	1.26054	1.40829	0	0	0	1.0909	1.73549	4.66368	2.49771	4.01927
X130722_UNC9_SN296_0385_AD2F28ACXX_GGCTAC_L008	HR	3.74244	1.94275	2.03878	3.08552	0	0	4.08305	2.03878	3.80272	0	1.8732	1.67575	0	3.39959	5.29156	1.32796	0	1.69638	0.0686373	0	0	0.809668	0.946467	5.13731	3.4321	4.08824
X130722_UNC9_SN296_0385_AD2F28ACXX_GTGGCC_L005	HR	3.19132	1.88437	2.13643	3.04357	0	1.38321	3.74872	0	0.722775	0	0.881787	0	0	1.94238	5.54108	1.18877	0	2.13643	0	0	2.53995	2.5974	2.38352	5.26634	0	4.31082
X130722_UNC9_SN296_0385_AD2F28ACXX_GTTTCG_L007	LR	3.69157	0	2.27337	3.11629	0	0	2.51898	0	4.69984	1.33886	0	0	0	5.58293	4.21431	0	0	2.57999	0	1.3369	0.388798	0	0	4.81194	3.19564	3.64471
X130722_UNC9_SN296_0385_AD2F28ACXX_GTTTCG_L008	LR	4.56002	0.291518	2.00562	2.5381	1.43873	0	3.13827	0	2.90807	0	1.93485	0.894826	0	3.39914	5.19215	0.21726	1.76182	0	2.02664	1.69851	0.62963	0	1.92885	4.94782	3.50115	4.6834
X130722_UNC9_SN296_0385_AD2F28ACXX_TAGCTT_L005	HR	3.8741	2.08399	2.93523	0	2.0956	1.51845	4.52316	0	1.90102	0	1.63473	0.809953	0	3.0257	2.37993	0	1.96823	1.8481	3.96481	2.15472	0.217592	2.65261	2.52207	5.55865	2.83575	4.33193
X130722_UNC9_SN296_0385_AD2F28ACXX_TTAGGC_L007	LR	5.35279	0.143967	0	4.29659	0	0	2.05051	0	3.65034	0	0	0	1.37171	3.74217	6.01514	0	0	1.37171	1.28719	1.23888	0.727476	0.663444	0.463655	5.78269	3.97601	5.3707
X130722_UNC9_SN296_0385_AD2F28ACXX_TTAGGC_L008	HR	3.79189	0.602505	0	3.65124	0	0	2.91682	1.00987	0	0	1.65351	1.89792	0	1.83029	5.93597	2.46256	1.16976	1.50196	3.86868	0	1.97236	1.86333	1.25926	5.84805	1.94753	3.28828
X130723_UNC9_SN296_0386_BC2E4WACXX_ACTTGA_L002	HR	5.11945	2.20841	2.22737	3.07678	0	1.78595	4.28334	0	2.80233	0	0	1.87863	1.46098	3.52934	4.64467	0	0	1.46098	1.80082	0	0	0	1.53955	5.42094	3.76807	2.55691
X130723_UNC9_SN296_0386_BC2E4WACXX_ATCACG_L001	HR	4.5745	0.456309	1.32086	4.8154	0	0	3.57481	0	2.27947	0	2.15053	0	0	4.11783	5.56808	0	0	0	0.162909	0	1.65724	1.34976	0.218934	5.72318	1.98186	5.01794
X130723_UNC9_SN296_0386_BC2E4WACXX_GATCAG_L001	HR	4.4009	1.31594	1.94321	0	1.60692	0	3.13249	2.56205	2.11232	0	0	2.42194	0	0	3.43094	1.09652	2.23402	0	0.00488064	1.87765	0.967449	0.58639	1.5415	5.31988	0	4.53351
X130723_UNC9_SN296_0386_BC2E4WACXX_GTGGCC_L001	LR	4.08	0	0	1.26422	2.41246	0	0.822606	1.67801	1.26091	0	2.84474	0	0	2.27313	2.3794	0	0	0	1.08794	0	0	0	0.494437	5.88081	3.35274	4.84165
X130807_UNC12_SN629_0325_BD2BD7ACXX_GGCTAC_L004	LR	4.48519	0.881325	0	3.14991	0	0	1.85579	0	2.81465	0	0	0	0	3.32747	5.42062	0.593938	0	0	1.43298	0	0	0	0.871269	6.18337	3.99705	4.27944
X130807_UNC12_SN629_0325_BD2BD7ACXX_GTTTCG_L004	LR	5.19242	0	0	0	0	0	0.722857	1.33378	3.25725	1.76441	0.137258	0	0.874503	3.58191	5.77383	0	0.926141	1.33378	0.271645	1.27044	0	0	0.322487	6.23667	3.90416	5.10202
X130807_UNC12_SN629_0325_BD2BD7ACXX_TTAGGC_L004	HR	3.63569	0.908214	1.47571	0	1.47571	1.17848	2.97238	2.81816	1.55539	0	2.90609	1.94837	0	0	5.52868	1.96769	0	0	0	0	1.5651	0	0.379898	6.23318	1.05589	3.23583
X130807_UNC12_SN629_0325_BD2BD7ACXX_TTAGGC_L005	HR	1.44708	1.52247	0	1.40084	0	0	2.98666	0	1.95647	0.283178	2.42998	0.493669	0	2.35847	6.62744	0.988099	0.676584	1.14031	0.123845	0	0	0.15719	0	6.17545	0.930858	2.43559
X130814_UNC10_SN254_0487_AC2BD1ACXX_ACAGTG_L004	LR	3.23504	0.070191	1.12244	2.99986	0	1.63796	1.45839	0	4.75073	0	0	0	0	5.43654	5.15729	0	0	0.867752	0.0025395	0	1.05915	0	0	4.14583	2.551	2.40621
X130814_UNC10_SN254_0487_AC2BD1ACXX_GCCAAT_L005	HR	3.09264	2.07773	0	3.06342	0	1.45023	3.5679	0.967763	3.43878	0.775522	0	1.00827	0	3.91125	4.18568	0.726342	0	1.15564	0	0	0	1.61023	0	4.71832	3.13033	3.15084
X130827_UNC15_SN850_0324_AC2B28ACXX_ACAGTG_L002	LR	2.8651	1.54994	0	3.84188	0	0	2.22973	0	2.24241	0	1.17147	0	0	2.71486	5.30807	0	0	0	0	0	0	0	0	4.56635	3.30492	2.78016
X130827_UNC15_SN850_0324_AC2B28ACXX_ACTTGA_L005	HR	3.82525	0.795328	0	1.65212	0	1.29856	2.46628	2.75061	0.620233	0	0.795328	1.59071	1.02102	0	3.12484	1.14035	0.79341	1.29856	1.30301	1.31194	0	0	1.92249	4.27723	1.90549	3.09576
X130827_UNC15_SN850_0324_AC2B28ACXX_CAGATC_L002	LR	1.56048	0.669632	0	1.31945	0	1.06713	2.73659	0	2.27893	0	0	0	0	3.59127	4.25035	0	0	0	0	0	0	0	0	5.34625	4.15616	3.53857
X130827_UNC15_SN850_0324_AC2B28ACXX_CTTGTA_L003	LR	2.55025	0	0	4.61434	0	0	2.84215	0	1.83711	0	0.613614	0	0	4.13831	4.11668	0	0	0	0.973238	0	0	0	0	4.37528	4.80836	4.41128
X130827_UNC15_SN850_0324_AC2B28ACXX_GCCAAT_L002	LR	4.00073	0	0	3.40579	0	1.24699	1.71315	0	2.79478	0	1.41887	0	0	3.59853	5.1893	0	0	0	0	0	0	0	0.248701	4.39669	2.91511	4.33314
X130827_UNC15_SN850_0324_AC2B28ACXX_GGCTAC_L008	HR	3.25433	0.998394	0	4.24964	0	0	2.28087	0	2.65272	0	0	0	0	5.02604	3.65925	0.833402	1.44022	0	0	1.07006	0.872606	0.324336	0.634807	3.965	3.53232	3.60623
X130827_UNC15_SN850_0324_AC2B28ACXX_GTGGCC_L007	HR	4.49968	2.31881	1.24912	2.69702	0	1.24912	4.07354	1.24912	2.58595	1.35323	0	0	0	3.85045	4.10071	0	0.20385	0	0.00304721	0	0.483546	1.93437	0.946273	5.22736	3.22612	3.5095
X130827_UNC15_SN850_0324_AC2B28ACXX_TAGCTT_L008	LR	3.04998	1.30378	0	3.35694	0	0	2.96921	0	3.35884	0	0	0.605594	0	4.9666	5.04834	0.179239	0	0	0	0	0	0	0	4.63436	5.12562	3.60939
X130827_UNC15_SN850_0325_BC2AV1ACXX_ACTTGA_L006	LR	3.63921	0	0	3.13549	0	0	1.00291	1.42592	2.76785	0	0	0	0	3.76481	4.70834	0	0	0	0.0417874	0	0	0	0.0508573	6.01593	4.64821	3.42929
X130827_UNC15_SN850_0325_BC2AV1ACXX_ATCACG_L002	LR	4.31263	0.104781	0	3.95934	0	0	2.40499	0	3.49624	0	0	0	0	4.35169	5.04347	0	0.763071	1.13105	0.325709	0	0.539723	0	0.321544	5.54933	3.70776	4.24664
X130827_UNC15_SN850_0325_BC2AV1ACXX_GATCAG_L001	LR	3.51472	0	0	0	0	2.0472	3.43365	0.753472	2.10629	0	1.88139	1.02925	0	3.15646	5.11537	1.02317	0	0	1.89681	0	0.478275	1.21895	0.337017	5.45422	2.98893	3.88201
X130827_UNC15_SN850_0325_BC2AV1ACXX_GATCAG_L002	LR	4.56702	2.35035	1.53258	3.37189	0	2.66099	4.37872	1.76476	3.46062	0	0	0	1.76476	5.15228	5.52856	0	0	0	0.215534	0	0.104363	0	1.15514	5.39371	2.9166	4.60816
X130827_UNC15_SN850_0325_BC2AV1ACXX_GGCTAC_L001	LR	4.31302	1.33559	0	4.57007	0	0	3.64283	1.56925	3.98361	0	0	0.924739	0	5.21934	6.13032	0	0	0	0	0	0.15945	0	0	5.27277	3.44309	3.59337
X130827_UNC15_SN850_0325_BC2AV1ACXX_GTGGCC_L006	LR	4.44387	0	0	3.96431	0	0	1.20774	0	4.08825	0	0	0	0	5.44179	5.21291	0	0	0	0	0	0	1.06548	0.385842	5.33309	5.09401	4.45216
X130827_UNC15_SN850_0325_BC2AV1ACXX_GTTTCG_L005	LR	3.3482	1.71275	0	2.19386	0	2.74799	2.91139	0	4.10786	0	0	0	0	5.52962	5.41824	0	0	0	0	0	1.2282	0	0	4.82456	4.72887	3.89953
X130926_SN254_0496_AD2DY9ACXX_GTGGCC_L003	LR	5.10968	0	1.52756	3.49001	0	0	2.20657	0	2.96443	0	0	0	0	4.81734	5.96871	0	0	0	0	1.0999	0	0	0.661371	5.81306	4.47696	4.96084
X131008_UNC11_SN627_0326_AC2KLPACXX_AGTTCC_L003	HR	0.462897	1.2232	0	0.722515	0	1.99574	3.32375	1.13758	2.54349	0	1.51934	1.65602	1.13758	3.49007	5.39516	0	0	1.65602	0.00777051	0	0.325925	0	0.281583	5.03424	2.69293	0.477838
X131008_UNC11_SN627_0326_AC2KLPACXX_AGTTCC_L004	LR	5.08274	0	0	3.23315	0	1.2853	1.2977	0	3.3247	0	0	0	0	4.55564	4.77392	0.0941351	1.2853	0	0.00320439	0	0.112345	1.14579	1.99756	4.51354	3.11384	4.83112
X131008_UNC11_SN627_0326_AC2KLPACXX_CGATGT_L003	HR	2.24062	0	0	0	0	0	1.27819	2.92864	0	0	2.1523	1.7877	0	0	4.91907	0.384859	1.20857	0	3.45782	0.101038	1.75516	1.1453	0	5.19259	0	4.40001
X131008_UNC11_SN627_0326_AC2KLPACXX_CGATGT_L005	HR	4.5293	0.321362	2.10427	0	2.98178	1.35595	3.20132	1.91115	1.45828	1.41148	1.88847	0.454945	1.91115	1.67159	5.12221	0.682217	1.42125	0	1.79751	0	0.542387	2.85753	0	5.68141	0.277668	4.43447
X131008_UNC15_SN850_0331_AC2KJ8ACXX_AGTCAA_L006	LR	4.96765	0.0959729	0	4.72386	0	0	1.04076	0.671376	2.3373	0.7083	0	0.928648	0	1.90829	6.60922	0	0	0	0	0	0.0834157	0	0.289939	5.70869	2.85498	5.18999
X131008_UNC15_SN850_0331_AC2KJ8ACXX_AGTTCC_L003	HR	3.01559	0	1.37612	0	0	1.69364	2.16973	0.908156	1.58236	0	1.55568	0.846628	0	0	1.37612	0	1.23005	0	5.76027	1.24307	0.238264	0.666309	1.44406	4.29739	1.4168	3.77639
X131016_UNC10_SN254_0498_BC2KTUACXX_ATCACG_L005	LR	4.30149	0	0	0.666263	0	0	2.40013	1.56607	3.69745	1.15854	0	0	0	4.365	4.79012	0.972202	0.295907	0	0	0	0	1.03608	2.15001	4.82111	3.49608	5.03305
X131016_UNC10_SN254_0498_BC2KTUACXX_GTGGCC_L003	HR	0.739649	0.919954	0	0	0	0	3.20177	0	2.17526	0	2.28914	0	0	3.5568	4.81836	0	1.08352	0	1.59256	0	0.341677	1.62651	0.163343	5.3418	3.24617	0.202139
X131016_UNC10_SN254_0498_BC2KTUACXX_GTTTCG_L005	HR	4.01665	0	0	3.6472	0	0	1.77493	0	3.27274	0	0.352994	1.22758	0	4.29576	4.79004	0	1.61374	0	0	1.85036	0.850375	1.07512	1.55243	4.39976	3.22995	4.46257
X131016_UNC10_SN254_0498_BC2KTUACXX_GTTTCG_L008	LR	3.83478	0.288557	1.42978	3.48975	0	0	2.84434	1.60386	3.25263	0.218688	0	1.44861	0	3.58228	6.15298	0	0	1.42978	0	0	1.64651	0	0.267554	5.47785	1.99545	5.01745
X131016_UNC15_SN850_0333_AC2MBAACXX_ATCACG_L007	HR	2.17101	0.790313	1.26468	0	1.4297	2.70677	3.44522	2.99896	0	1.64943	0	1.80565	0	1.57131	4.91296	0.754757	1.72664	0	0.910754	1.4297	0.491943	0.750691	2.89982	4.69165	2.57604	3.72504
X131016_UNC15_SN850_0333_AC2MBAACXX_GTGGCC_L007	HR	3.99929	0.38752	0	1.74421	0	1.02913	3.15362	1.52546	0.931194	0	0	0.488285	0.641492	2.10346	5.24981	0	0	0	0	0	0.574746	0	2.48869	5.14674	4.44425	2.54862
X131021_UNC9_SN296_0409_BC2M6NACXX_ATCACG_L004	HR	3.56418	2.14231	1.93912	2.90689	0	0	4.17266	1.38036	3.75907	0	0	0	1.55189	4.75003	4.02646	0	0	1.69827	2.99432	1.56926	0	0	2.12343	5.247	2.46367	3.9294
X131021_UNC9_SN296_0409_BC2M6NACXX_GTTTCG_L003	LR	3.84918	0.826931	0	4.26639	0	0	3.17456	1.56023	3.03933	0	2.07017	0	0	3.70079	5.53861	0	0	1.56023	0	0	0	0	0.633472	5.99971	3.67993	5.29011
X131021_UNC9_SN296_0409_BC2M6NACXX_GTTTCG_L006	HR	4.52013	0.222861	1.51677	2.8424	0	0	2.80568	0	3.77974	0	0	0	0	3.92799	4.92052	0.0437758	0	1.74803	0.759782	0	1.307	0.737623	0.239048	5.08928	3.66893	3.44816
X131118_UNC15_SN850_0339_AC347DACXX_ACAGTG_L001	HR	4.15814	1.02096	1.33809	2.66416	0.877916	1.33809	2.85566	0	3.74621	1.5655	0	0	0	4.34273	5.35437	0	0	1.33809	0	0	1.32119	0	0	4.80325	4.30549	4.41807
X131217_UNC14_SN744_0384_BC32YDACXX_GATCAG_L004	LR	4.44186	0.523454	0	3.19967	0	2.17945	2.4085	1.28476	3.42771	1.03303	0	0	0	3.51669	6.47225	0.553747	0	0	0.00320201	0.361608	1.25134	0	0.0867077	5.80407	1.06048	4.98168
X131217_UNC14_SN744_0384_BC32YDACXX_GCCAAT_L003	HR	4.29024	0.344168	0	3.85952	0.940436	0	2.89692	0	3.46638	2.90647	1.28902	0	0	4.40888	5.06683	0	0	0	0	0	1.14064	0.810432	1.7416	5.51831	3.5503	4.70454
X131217_UNC15_SN850_0343_AC330UACXX_ACAGTG_L003	HR	3.02083	1.58311	1.7051	0	1.94627	2.44273	3.81661	1.7051	2.27847	2.15392	2.4078	1.47623	0	1.94627	5.08956	3.35164	1.51446	1.7051	2.08799	1.25307	2.37529	0.307597	3.72665	3.86114	2.84337	3.09251
X131217_UNC15_SN850_0343_AC330UACXX_AGTTCC_L005	HR	2.52544	1.18864	0	0.482159	0.806089	1.97348	2.30202	1.55126	3.20208	1.66569	2.1089	0.959685	1.41046	3.60916	4.81263	2.69896	0	2.26943	1.0437	1.16406	0.855174	2.35295	2.28016	5.1967	1.73716	5.11652
X131217_UNC15_SN850_0343_AC330UACXX_ATCACG_L002	LR	4.3093	0.11471	0	3.91064	0	0	0.872806	0	0	0	1.26766	0	0	3.43471	4.79415	0	0	0	0.19969	0	0	0	0.177608	5.23678	3.15498	4.52439
X131217_UNC15_SN850_0343_AC330UACXX_CGATGT_L003	HR	3.98932	1.70438	1.34774	4.00638	0	0	3.71129	1.66262	2.34805	1.78011	0	0.355791	1.66262	4.03513	4.57253	0	1.71056	1.34774	0	1.34774	1.98515	0.953698	1.3641	4.31838	2.11385	4.60019
X131217_UNC15_SN850_0343_AC330UACXX_GATCAG_L003	LR	4.07327	0.327871	0	4.23911	0	0	2.36452	1.24052	3.53381	0	0	0	0	4.19149	5.77835	0	1.59117	1.5446	0.0471158	1.52992	0	0	1.10306	5.62123	4.13194	5.53118
X131217_UNC15_SN850_0343_AC330UACXX_GCCAAT_L006	LR	5.03632	0	0	1.7173	0	0	1.26347	0	2.48885	0.710981	0	0	0	2.90777	5.7991	1.11548	1.54181	0	0	0.278134	0	0	1.57067	5.4948	2.39248	4.93036
X131217_UNC15_SN850_0343_AC330UACXX_GTCCGC_L006	LR	3.6636	0	0	1.29267	2.14593	1.71018	2.45737	1.39128	3.71215	0	1.33014	0	1.39128	4.11741	5.29991	1.28678	0	0	0	0	0.242588	0	0.790051	5.1365	3.56655	4.37867
X140102_UNC15_SN850_0344_AC384WACXX_ACAGTG_L002	HR	2.02909	0.941902	2.38975	0	0	2.26922	3.37251	1.78429	2.44323	1.83118	1.26494	0.482069	1.55107	3.53947	3.30782	0.695693	1.94147	1.24637	3.72994	1.94416	0.642367	1.62204	3.3321	5.41161	2.02909	5.96911
X140102_UNC15_SN850_0344_AC384WACXX_ATCACG_L005	HR	3.85178	0.884272	0	3.63464	0	1.58054	2.85234	1.07459	3.15003	0	0	0	0	2.79913	4.64622	0	1.74647	1.58054	2.96102	1.64463	0	0	2.33772	4.67361	2.11464	4.94203
X140102_UNC15_SN850_0344_AC384WACXX_CCGTCC_L001	HR	3.07991	0.761233	2.15766	0	1.43219	1.99819	3.29615	2.15766	1.16976	1.08578	0.66247	0	0	1.26703	2.29516	0	0.208512	1.26703	2.77169	1.44896	1.698	0	1.4836	4.7625	0	1.34785
X140102_UNC15_SN850_0344_AC384WACXX_TGACCA_L001	LR	3.93422	0	0	3.86055	0	0	2.02721	0	4.41488	1.70131	1.00413	0.557814	0.913768	4.85175	5.77848	0	2.05278	0	0.0673268	0	0	0	0	5.59793	3.17402	5.02605
X140304_UNC14_SN744_0400_AC3LWGACXX_CGTACG_L006	HR	4.07659	2.27786	0	1.88772	0	2.86323	4.90252	2.01346	2.38134	2.51323	1.17419	1.61173	1.21185	2.63751	4.00156	0.51153	1.07523	2.34553	0	1.42221	1.76245	0	2.27663	4.91766	3.35553	4.15993
X140304_UNC14_SN744_0400_AC3LWGACXX_GAGTGG_L007	HR	3.34867	2.67475	2.61328	0	0.817296	2.40829	4.53977	2.34973	2.17363	2.52385	0.124949	0	2.34973	3.16795	3.08475	0	1.38342	1.80129	0	0	1.90912	1.4438	1.57239	4.63874	1.62414	2.40473
X140304_UNC14_SN744_0400_AC3LWGACXX_GGCTAC_L007	HR	1.38814	2.40891	2.51741	0	0	2.81362	4.91041	2.45824	1.15052	2.96578	1.67685	1.54838	2.76995	0	2.70065	1.29036	0.230326	2.09468	1.55984	1.21618	2.31552	0	2.45097	4.82781	1.90185	0.956523
X140304_UNC14_SN744_0400_AC3LWGACXX_GTGGCC_L001	HR	4.55467	0	0	4.95222	0	0	1.04184	0	2.75645	3.10055	0	0	1.38557	4.08503	4.88657	0	1.96437	0	0	0	0.127717	1.69299	2.10636	5.41291	2.99482	5.90484
X140304_UNC14_SN744_0400_AC3LWGACXX_GTTTCG_L005	LR	4.00919	0	0	1.84199	0	0	0.891353	0	3.55136	1.7551	0.391377	0	0	4.07145	6.55527	0	0	0	0	0	0	0	0	5.83124	3.60363	5.36489
X140305_UNC13_SN749_0334_BC3L6VACXX_ACTGAT_L006	LR	5.18837	0.865055	0	0.502708	0	1.28447	2.92147	0	2.53949	2.21264	1.49017	0	0	3.55437	5.54673	0.553576	0	0	0	1.20071	0.112223	0	1.84105	5.76756	3.09975	4.06485
X140305_UNC13_SN749_0334_BC3L6VACXX_ACTTGA_L008	HR	3.16059	0.136755	0	2.65506	1.49973	1.64415	2.74226	2.37447	1.10556	1.93008	0	0.900895	1.88233	1.33088	3.40904	0.925661	2.07455	0	2.63229	1.49973	0.225641	0	2.89205	5.22662	3.30678	5.3021
X140305_UNC13_SN749_0334_BC3L6VACXX_ATCACG_L006	HR	4.55753	1.90162	1.39846	3.48532	0	1.39846	3.85176	2.15436	3.54633	1.36907	0.148825	0	1.39846	3.40003	6.09722	0.108903	1.85707	0	0.184	1.47881	0	0	1.27143	5.27099	1.74795	5.46154
X140305_UNC13_SN749_0334_BC3L6VACXX_ATGTCA_L007	LR	4.13867	0.352185	0	1.70692	0	0	1.99629	0	2.45732	0	0.612122	0	0	2.64152	4.95316	0	0	0	0.564083	0.288346	0	0	1.53114	5.31091	3.71345	4.10215
X140305_UNC13_SN749_0334_BC3L6VACXX_ATTCCT_L007	LR	4.21099	0	0	3.8831	0	0	2.19574	1.41825	2.57995	1.25388	1.51693	0	1.55938	2.27867	5.69928	0	0	0	0.0538263	0	0	0	0	5.84075	2.97758	5.46977
X140305_UNC13_SN749_0334_BC3L6VACXX_GTCCGC_L003	HR	4.55241	0.907415	0	4.38659	0	0	2.85223	0	3.86387	2.60122	1.51085	0	1.41586	4.7439	4.94884	0	2.09075	0	0.15239	1.30473	0.883022	0	1.69389	5.63566	3.01619	5.01424
X140305_UNC13_SN749_0334_BC3L6VACXX_TTAGGC_L005	HR	4.5624	0	1.12493	1.6901	0	0	2.93606	1.12493	0.729263	1.88707	1.48017	0.546965	1.12493	1.12493	5.39445	0	0	0	0	0	1.24074	0	2.05296	6.03558	1.59511	4.54794
X140312_UNC11_SN627_0348_AC3KRYACXX_AGTCAA_L003	LR	5.25842	0	1.23363	3.62852	1.53698	0	1.9549	1.39676	3.45121	2.11638	0.766765	0	0	4.68288	5.58907	0	0	0	0	0	0.10492	0	0.65005	5.65508	4.37982	5.4098
X140312_UNC11_SN627_0348_AC3KRYACXX_CAGATC_L008	LR	4.24164	1.12637	0	0.534868	0	0	3.34075	0	2.82332	2.3687	0.369262	0	0	3.16257	5.9724	0	0	1.34258	0	0	0.768846	0	0	6.14191	4.18586	4.9507
X140312_UNC11_SN627_0348_AC3KRYACXX_CCGTCC_L003	LR	4.49793	0	0	3.56053	0	0	2.18377	0.818013	3.12351	0	0	0.119204	0	2.78451	4.63695	0	1.5682	0	0.657761	0	0	0	0.354997	5.07047	3.57245	4.52129
X140312_UNC11_SN627_0348_AC3KRYACXX_CGATGT_L002	LR	5.10137	0	0	2.74716	0	0	1.9517	1.85152	3.62675	1.63518	1.74635	0	0	4.33301	6.26377	0	0	1.3042	0	0	0	0.676259	0.192811	5.50799	4.74062	5.76866
X140312_UNC11_SN627_0348_AC3KRYACXX_CTTGTA_L007	HR	2.48671	1.6141	0	0	1.53475	1.53475	4.48466	0	4.10515	3.2442	0	0	1.53475	5.04798	4.4394	0.392567	0	1.86567	2.83012	0	1.55242	0.837448	0.679613	5.33989	0	1.64491
X140312_UNC11_SN627_0348_AC3KRYACXX_GCCAAT_L007	HR	1.9444	0.665625	0	0	0	1.52468	3.77358	1.85482	2.86331	3.10395	0	0	1.52468	2.60844	3.4078	4.85123	0	2.301	0	1.95859	1.68833	0	1.91032	5.34441	2.81973	3.18712
X140312_UNC11_SN627_0348_AC3KRYACXX_GTCCGC_L003	HR	3.87706	0.146455	0	0	0	0	3.05775	1.70386	2.02466	1.84085	0.536349	1.22301	1.38548	2.30161	4.00627	0.644312	1.23892	0	0	1.34293	0	0	1.65829	4.78224	3.52039	4.55214
X140312_UNC11_SN627_0348_AC3KRYACXX_GTGAAA_L006	HR	3.08268	0.509232	1.56546	0	1.42409	1.56546	3.54907	0	1.3687	2.71926	1.53731	0	0	1.98899	4.27181	0	0.523638	1.25938	1.49995	0	1.04207	2.47232	3.73222	4.95795	1.25938	4.83674
X140312_UNC11_SN627_0348_AC3KRYACXX_TGACCA_L002	HR	4.80191	0	0	1.74779	0	0	2.06275	0	2.93899	2.55843	1.59127	0	0	3.20719	5.72249	0	0	0	1.90181	0	1.25694	1.76957	0.131772	6.08772	3.49007	5.1364
X140312_UNC15_SN850_0357_AC3M7FACXX_GATCAG_L003	HR	3.95366	0	0	1.79317	0	1.27676	2.1093	2.00989	1.9039	0	0.434515	0	0	2.30733	5.53737	0.460764	0	0	0.229921	0	1.56025	0	0	4.99954	0	4.0662
X140318_UNC12_SN629_0354_AC3K7VACXX_ACTTGA_L002	LR	4.81708	1.21758	1.29716	2.85945	0	0	2.94409	0	3.36892	2.59332	0	0	0.84563	2.7488	7.16771	0	0	2.03434	0	0	0	0	0	5.18075	3.3897	4.93456
X140318_UNC12_SN629_0354_AC3K7VACXX_AGTCAA_L003	LR	3.85137	0.266302	0	3.35756	0	0	2.44412	0	2.88879	1.10088	1.19042	0	0	2.91194	5.25537	0	0	0	0	0	0.506095	0	0	5.25158	3.53148	4.50608
X140318_UNC12_SN629_0354_AC3K7VACXX_AGTTCC_L005	HR	3.17676	1.79631	1.34842	1.75986	0	2.39604	3.91327	2.25696	3.70821	1.76221	2.13161	0.618099	1.66336	3.63935	3.65791	0	1.77918	1.66336	3.24954	1.77675	2.41938	0	2.06985	4.93655	2.09535	3.80556
X140318_UNC12_SN629_0354_AC3K7VACXX_ATCACG_L001	HR	2.97784	0.177402	0	0	3.25404	0	3.15065	1.54503	1.89479	2.53621	0.4589	0	0	2.32437	2.757	0	0	2.1254	4.76732	2.04918	0.850634	0.96423	1.70651	5.67799	2.19621	3.88243
X140318_UNC12_SN629_0354_AC3K7VACXX_ATCACG_L004	LR	5.28255	0	0	1.52069	0	0	2.46568	0	3.64279	0	0	0.471356	0	4.59362	5.28742	0	0	0	0	0	0	0	1.91224	3.76472	2.41621	3.90818
X140318_UNC12_SN629_0354_AC3K7VACXX_ATCACG_L008	LR	5.14083	0.422566	1.46569	4.226	0	0	2.93544	0	3.30177	1.23368	0	0	0	3.99431	4.86477	0	1.39321	0	0	0	1.23029	0	1.57384	5.45591	2.06001	4.96022
X140318_UNC12_SN629_0354_AC3K7VACXX_CCGTCC_L003	HR	4.32897	0	1.41835	1.08399	0	0	2.40384	2.71379	2.08796	2.89571	3.26288	0.811873	0	2.71379	6.35168	0.426288	0	0	0	0	1.50096	1.09974	2.71738	5.30499	0.52805	4.96037
X140318_UNC12_SN629_0354_AC3K7VACXX_CTTGTA_L005	HR	4.59342	1.78371	1.41978	4.30028	0	0	3.00279	1.41978	4.21836	1.95035	0	0	1.41978	4.2026	4.52124	0	1.74122	1.98408	0	1.7102	0.618061	0	2.45536	4.22578	3.75691	4.58972
X140318_UNC12_SN629_0354_AC3K7VACXX_GTGAAA_L007	LR	5.24379	0.273976	0	0	0	0	2.47159	0.915138	2.84367	2.9784	0	0	0	2.94262	6.01546	0	0	0	0.570801	0	0	0	0.689711	5.84018	2.426	5.22719
X140318_UNC12_SN629_0354_AC3K7VACXX_TTAGGC_L006	HR	3.60836	1.05012	2.0527	3.08538	0	0	3.50432	0	3.12729	5.53596	1.566	0.341696	2.0527	3.18147	5.56847	0.778612	0.40128	0	3.29643	0	0.747118	0	1.10632	5.29449	1.81309	4.57426
X140318_UNC14_SN744_0403_AC3M3WACXX_ATCACG_L007	HR	5.20102	0.820546	0	0	0	0	2.11512	2.17096	2.29895	0	0	1.53136	0	2.26485	5.85936	1.03802	0	0	0.326005	0	0.272928	0	1.35127	5.26943	3.23297	3.94544
X140318_UNC14_SN744_0403_AC3M3WACXX_CAGATC_L006	HR	3.24074	1.62398	1.62398	3.76132	1.96148	2.21337	3.71002	0	2.5916	1.86922	2.75952	0	0	3.62858	4.44278	0	0	0	2.89537	0	1.42251	2.25694	1.75423	5.30126	3.35367	4.97868
X140318_UNC14_SN744_0403_AC3M3WACXX_CCGTCC_L002	HR	3.80143	1.94012	2.84351	2.96528	0	0	3.96529	0.962258	2.72769	2.56074	1.42312	0.592664	2.01095	2.37077	3.62156	0	1.71536	1.44343	0	1.71976	2.4436	0	1.93873	5.29002	2.10283	4.02532
X140318_UNC14_SN744_0403_AC3M3WACXX_CGATGT_L001	HR	2.02855	1.4102	1.51079	0	1.51079	1.51079	3.24302	2.34317	0.474598	1.03333	2.77958	1.47105	1.51079	1.74171	3.01636	0	2.60392	0	3.58508	2.29165	1.47473	2.05133	1.317	4.18544	1.6705	1.94771
X140318_UNC14_SN744_0403_AC3M3WACXX_CGATGT_L003	HR	4.46365	2.00296	0	3.97988	0	0	3.79452	1.41665	2.62068	2.41688	0	0	0	2.8104	5.55556	0	1.41665	0	0	1.59008	1.20671	2.14691	0	4.3302	2.47919	5.09657
X140318_UNC14_SN744_0403_AC3M3WACXX_GCCAAT_L004	HR	3.7709	0	0	0	0	0	2.34694	1.59487	0	1.22877	0	0.664051	0	1.74278	3.98213	1.73758	1.83809	0	1.22434	2.06627	0	0	1.38683	5.91829	1.12971	4.70042
X140318_UNC14_SN744_0403_AC3M3WACXX_GCCAAT_L007	LR	4.8947	0	0	3.94151	0	0	2.1325	0	4.37475	0	0	0	0	5.25105	5.14166	0	0	0	0.0035217	0	1.59347	1.12173	0.566172	5.80841	4.08267	5.31997
X140318_UNC14_SN744_0403_AC3M3WACXX_GTGAAA_L002	HR	5.19674	1.27132	1.23468	0	1.95914	1.95914	3.37406	1.53814	2.49851	1.94584	2.33216	0.218114	0	3.13269	5.84696	0	0.509655	1.53814	0	0	1.7516	0	0.568818	4.99205	1.64819	3.62744
X140318_UNC14_SN744_0403_AC3M3WACXX_TGACCA_L001	HR	3.78239	2.05847	2.01387	2.4812	0	0	4.29049	1.6209	2.34413	1.99706	1.87986	0.594172	0	0	5.44272	0.619213	0	0	1.65933	0	0	0.328969	1.70321	5.01278	1.79998	4.97653
X140318_UNC14_SN744_0403_AC3M3WACXX_TGACCA_L004	HR	3.39526	0	0	0	0	0	1.55443	2.55095	0	0	3.43999	1.74531	0	0	5.28611	0	0	0	0.206186	1.16683	0	1.86011	1.68366	0	0	2.03703
X140318_UNC14_SN744_0403_AC3M3WACXX_TTAGGC_L001	HR	2.94157	0	0	0	2.62599	1.48573	3.12442	0	2.11354	1.67494	1.9238	0	0	2.56216	4.42952	0	0	0	0.785374	0	0	0	1.50094	4.18884	2.50177	4.01357
X140325_UNC11_SN627_0349_AC3KB8ACXX_ACAGTG_L008	HR	3.03977	1.1653	0	0.261982	2.10268	0	2.62663	1.94449	1.40895	2.28716	1.32823	0	0	1.75649	5.17507	0.20379	0	0	1.76029	0	0.968375	1.78905	2.05598	5.70944	0	4.18755
X140325_UNC11_SN627_0349_AC3KB8ACXX_ACTTGA_L002	HR	4.67268	0	1.5495	1.24494	1.24494	2.26743	2.31907	2.05413	3.50211	3.26587	0	0	1.67284	3.94529	5.46607	0	1.1063	1.97156	0	1.37461	1.30767	0	2.22733	5.18066	2.59254	5.11858
X140325_UNC11_SN627_0349_AC3KB8ACXX_AGTCAA_L008	HR	2.16021	0.130845	1.29638	3.95371	1.29638	0	2.98791	2.2651	0	2.24906	2.20914	1.63254	0	1.60624	2.53529	1.14895	2.46341	0	1.50951	2.04302	1.95964	0	0.254077	5.66705	0	0.808711
X140325_UNC11_SN627_0349_AC3KB8ACXX_CAGATC_L006	HR	4.48476	0.257035	2.1312	4.11623	1.55021	0	2.78711	0	4.34751	2.43567	0	0	0	5.2585	4.9498	0	2.06923	0	0.0488922	1.45861	0	0	1.30878	4.54129	3.91376	5.05299
X140325_UNC11_SN627_0349_AC3KB8ACXX_CTTGTA_L004	HR	4.25365	1.52962	2.65025	1.57643	0	1.36709	3.49151	0	2.90732	3.36737	0.430884	0.958643	1.53792	3.06654	5.16672	0	1.22151	1.92393	0	0	1.38388	0	2.49697	5.87565	2.75887	5.46918
X140325_UNC11_SN627_0349_AC3KB8ACXX_GATCAG_L002	HR	0	0	1.58457	0	1.58457	0	0.829602	4.06923	1.53192	1.30406	2.92775	1.72063	0	0	2.00983	4.18016	1.71958	0	0	2.25594	2.31309	2.21572	2.28991	3.01485	0.453875	4.37007
X140325_UNC11_SN627_0349_AC3KB8ACXX_GATCAG_L008	LR	4.79419	0.248504	0	2.04122	0	0	3.29808	0	2.88729	2.14698	0.918115	0	0	2.72742	5.3725	0.386589	0	2.2959	0	0	0.500592	0	1.55633	4.94421	3.30338	3.9318
X140325_UNC11_SN627_0349_AC3KB8ACXX_GCCAAT_L004	HR	3.01928	0.161888	2.03832	1.36647	0	1.46761	3.11866	2.60422	3.93344	2.73324	0.630549	0.917281	0	3.63038	3.68422	0	3.26549	0	0	3.03724	0.375209	0	1.89753	4.56598	2.68964	4.39254
X140404_UNC11_SN627_0350_BC3K66ACXX_ATCACG_L001	HR	4.5293	0.267423	0	2.49857	0	1.58586	3.70637	2.171	0	1.87587	1.00699	0	0	1.58586	6.2358	0	0	1.58586	0.764712	0	0	2.4343	1.12686	4.31464	1.67053	4.46187
X140404_UNC11_SN627_0350_BC3K66ACXX_ATCACG_L008	HR	3.83536	0.3019	1.30249	0	0	1.61296	2.97959	2.27263	0.296844	2.15446	3.49651	0.728212	0	0	6.59699	1.48415	1.42682	0	0	1.21812	1.08111	1.03721	0.585325	4.60619	0	0.967809
X140404_UNC11_SN627_0350_BC3K66ACXX_GTCCGC_L001	HR	3.59123	1.55327	1.18913	1.38581	1.90369	1.71712	3.8012	1.34945	2.9833	0	2.02976	1.01895	1.18913	3.12238	4.18685	0	0	1.18913	0	0	0	0	0.35747	4.40782	2.43414	2.44331
X140404_UNC11_SN627_0350_BC3K66ACXX_TTAGGC_L004	HR	4.52523	0	0	3.29169	2.12783	0	2.64969	1.78021	0	2.47433	0	0	0.97218	1.45568	2.64969	0	2.28404	0	0.0997316	2.1169	1.94263	0	2.09733	4.6653	2.02483	4.87897
X140424_UNC12_SN629_0365_AC4368ACXX_CCGTCC_L008	HR	3.24136	1.63251	0	0	2.82102	2.30509	4.07911	2.9858	1.15798	2.65258	3.24958	1.66524	1.56035	2.14253	3.58275	4.24719	1.6297	0	0.144128	1.38839	2.63839	1.9483	2.59846	2.56752	2.23608	2.98461
X140424_UNC13_SN749_0344_AC3WUKACXX_AGTTCC_L004	HR	2.68981	0.836016	1.24807	1.05177	0	0	3.32448	0	2.59361	1.86328	0	1.33343	1.41208	1.97533	3.80853	0.504433	1.45251	0	3.60003	0.867007	0.203579	0	0.891394	3.42762	1.28691	3.93831
X140502_UNC12_SN629_0366_AC3UT1ACXX_GCCAAT_L005	HR	1.33849	0.200571	1.65248	0	1.65248	0	3.53263	1.13461	1.36781	4.9481	1.67353	0	0	2.24494	2.39992	0	1.4935	0	2.73953	1.83656	1.35512	0	1.39096	5.43318	1.95945	5.28469
X140502_UNC12_SN629_0366_AC3UT1ACXX_TAGCTT_L003	LR	5.26194	0	0	4.38547	0	1.72797	1.93243	0	3.67825	0	0	0	0	3.4614	5.23491	0	0	0	0	0	0.489353	0	1.43889	5.65223	3.99177	5.39482
X140506_UNC15_SN850_0363_BC3YJYACXX_ACTGAT_L007	HR	4.41097	2.17843	2.50401	1.61667	0	0	3.47724	1.77728	2.90937	2.5128	3.1617	0.752896	2.4449	2.24321	6.48338	0	1.33706	2.08189	2.46641	0	1.96378	0.64107	3.19292	5.23496	1.45298	5.15824
X140506_UNC15_SN850_0363_BC3YJYACXX_ACTTGA_L003	HR	2.50171	0.989794	1.51934	0	2.0966	2.72634	3.95331	2.46024	0	2.16189	2.30428	1.08623	1.51934	0	4.24431	0.999625	1.51934	2.0966	0.00872068	1.21772	1.02411	0	2.7999	5.37135	2.31464	0
X140506_UNC15_SN850_0363_BC3YJYACXX_CGTACG_L005	LR	5.02605	0	1.36838	3.60767	0	1.36838	2.16346	0	3.57314	2.15876	0	0	1.92541	3.92775	5.39834	0	0	1.36838	0.055909	0	0.692405	0	0.991953	5.42933	3.05294	5.65632
X140506_UNC15_SN850_0363_BC3YJYACXX_GCCAAT_L008	HR	2.45303	0.207049	0	3.03521	0	0	1.76504	1.68098	0	1.28251	1.87503	1.01099	0	0	4.79516	0	1.78622	0	1.01099	1.07929	1.34315	0	0	4.91629	0	2.06224
X140506_UNC15_SN850_0363_BC3YJYACXX_GGCTAC_L007	HR	2.80328	2.59261	1.98688	1.54132	0	1.64772	4.63001	1.64772	3.04588	2.89609	0.743833	0	2.23968	3.26465	2.23968	1.05086	2.27949	1.64772	3.16754	2.66731	3.12405	1.79744	2.40071	4.77461	1.8501	1.69094
X140506_UNC15_SN850_0363_BC3YJYACXX_GTGGCC_L004	LR	1.63642	0	0	4.44353	0	1.23587	2.66914	1.23587	3.0869	1.36376	0.496199	0.218442	0	3.80543	3.89002	0	0.746553	0	0.14606	0	0	0	0	5.26086	2.84931	2.77444
X140506_UNC15_SN850_0363_BC3YJYACXX_TAGCTT_L007	HR	2.03313	0.198335	1.32938	0	2.15656	1.32938	2.79598	2.79011	0.238154	2.28954	2.37262	1.61524	0	2.49442	0.713934	0	0	0	0.00510111	0	1.80041	2.03717	0.624129	5.4147	0.480873	3.02014
X140506_UNC15_SN850_0363_BC3YJYACXX_TGACCA_L006	HR	1.058	0	0	3.22232	0	0	1.3247	0	2.3704	0.693902	1.30086	0	0	0	1.28202	0	2.00032	1.28202	1.46501	0.801836	0	0	0.074499	5.27962	0.699446	0.50137
X140508_UNC12_SN629_0367_AC3U9RACXX_ACTTGA_L002	HR	2.16877	0.14804	2.14933	1.06291	0	2.31203	3.42476	3.10106	0	1.90411	3.11531	1.29546	2.31203	0	2.14933	2.98952	0	0	0.545436	0	1.30485	0.310272	0.502502	5.01772	0	2.97393
X140508_UNC12_SN629_0367_AC3U9RACXX_ATTCCT_L004	HR	3.67931	1.32629	0	1.72714	0	2.80804	3.40364	2.17347	3.13481	0	1.24115	1.41476	0	4.05123	4.66483	3.08502	0	1.58808	0	1.58808	1.5323	0	0.393375	5.38053	3.15703	4.23629
X140508_UNC12_SN629_0367_AC3U9RACXX_CGATGT_L001	HR	3.31515	0	1.71594	2.00991	0	0	2.22555	0	4.39874	1.77712	0	0	0	4.43834	5.23056	2.35379	1.83307	2.15213	0.152025	1.83061	0	0	1.19499	4.89256	1.51471	3.9423
X140508_UNC12_SN629_0367_AC3U9RACXX_CGTACG_L002	HR	4.32913	0	0	0.344239	0	3.03129	2.89056	2.75957	0	1.18658	1.62253	1.90996	0	0	6.41005	0	0	0	0	1.16051	0	1.55763	1.40705	4.22523	2.99541	4.31839
X140508_UNC12_SN629_0367_AC3U9RACXX_GAGTGG_L002	HR	5.3748	0.378849	0	0.54771	1.36537	2.27742	2.76078	0	2.45793	1.61724	1.84006	0	2.1154	2.27742	6.33378	0	0	2.1154	0.0247466	0.396217	1.8306	0	2.82944	5.22703	3.76061	4.99828
X140508_UNC12_SN629_0367_AC3U9RACXX_GATCAG_L001	HR	3.19865	0	0	0	1.50636	1.50636	2.73465	3.42873	0.518443	1.64584	2.45301	1.74726	0	0	1.96613	2.27651	1.54113	0	0	2.22874	0	0	2.24001	5.01188	3.14552	4.09142
X140508_UNC12_SN629_0367_AC3U9RACXX_GTGGCC_L001	HR	3.01145	1.17115	1.74024	3.33979	2.34155	0	3.7852	2.17829	2.46053	1.71887	1.86262	1.45607	2.26325	2.81315	4.37831	2.76408	1.34747	2.6049	0.849922	1.85548	1.5015	0.629723	1.65508	3.56832	2.45235	4.86504
X140508_UNC12_SN629_0367_AC3U9RACXX_GTTTCG_L004	HR	5.01016	0	0	2.31986	0	1.5411	2.44535	1.8725	0.666301	0	0	0	0	1.5411	4.30319	0.526146	2.21631	0	2.03124	2.82744	1.81985	1.40672	1.64974	5.47099	0	2.74865
X140508_UNC12_SN629_0367_AC3U9RACXX_TGACCA_L003	HR	4.22428	1.59973	2.18643	1.29046	0	1.8356	3.62848	0.840373	2.69528	6.45791	0.395614	0	2.38686	2.9674	5.4418	0.639072	1.38472	1.29046	0	1.11482	0	0	1.12287	4.77266	1.32994	5.93858
X140509_UNC11_SN627_0357_BC4CGKACXX_ACAGTG_L006	LR	4.54046	0	0	3.18166	1.91809	0	2.38817	1.20092	3.93668	0	0.398166	0	0	4.99288	5.61726	0	1.45245	0	1.64321	1.12006	1.15209	0.704186	2.19774	5.34752	4.29248	4.4604
X140509_UNC11_SN627_0357_BC4CGKACXX_ACAGTG_L008	LR	4.56595	0	0	3.90827	0	0	2.48263	0	3.36812	0	1.10401	0	0	3.9206	7.14078	0.38276	0	0	0	0	0.371128	0	0	5.46296	1.73492	4.47234
X140509_UNC11_SN627_0357_BC4CGKACXX_ACTTGA_L001	HR	4.27878	0.18234	0	1.6403	1.06478	0	2.45792	0	2.41096	0	2.41601	0	1.06478	2.5178	2.09504	0.581527	0	1.5687	0.120654	0.770681	0.954706	0	1.21926	3.99279	2.82347	3.82274
X140509_UNC11_SN627_0357_BC4CGKACXX_AGTCAA_L008	HR	2.63956	1.49764	1.6858	1.8498	0	1.16264	3.79151	0	2.20264	2.54576	1.75815	0.570659	1.57839	3.61828	4.39742	0	0	2.02751	0	0	0.405219	0	2.08595	4.75716	1.56571	2.99807
X140509_UNC11_SN627_0357_BC4CGKACXX_AGTTCC_L007	HR	3.31893	2.17103	2.39667	0	2.23239	2.2902	4.38909	2.17103	2.05882	2.54781	0.20994	0.105226	1.4653	1.16915	4.64092	0	1.03522	2.2902	0	1.16915	2.02245	0	3.61867	5.06617	2.38539	3.86146
X140509_UNC11_SN627_0357_BC4CGKACXX_ATCACG_L001	HR	3.93431	0.131102	1.2979	4.17763	1.60791	0	1.92438	1.46487	3.88732	2.48955	0	0.787419	0	2.83142	5.65059	0	0	2.19553	0	1.35671	0	0	0.506101	5.18921	3.64832	5.07757
X140509_UNC11_SN627_0357_BC4CGKACXX_CAGATC_L005	HR	3.78922	1.92419	1.44019	1.83017	4.38111	2.00728	3.93975	2.2884	0.484596	2.53742	0	1.83017	1.44019	0	1.69186	1.18765	1.44019	2.20318	3.20779	1.98294	0	2.91912	1.68523	4.67572	0	4.13453
X140509_UNC11_SN627_0357_BC4CGKACXX_CCGTCC_L004	HR	4.85702	1.6665	0	2.8468	0	1.79086	3.213	1.92089	2.66159	1.40453	1.28889	0	0	2.77158	5.21114	0	0.646115	1.46551	2.6815	1.67657	2.15678	0	0	5.86916	3.73486	5.12633
X140509_UNC11_SN627_0357_BC4CGKACXX_CTTGTA_L006	HR	1.77891	2.0266	0	0	1.16799	1.69213	3.82901	0	0.356842	0	3.22668	0	0	1.16799	2.76976	0	2.57144	1.87775	0.601603	1.83938	1.16799	1.2085	1.38759	3.0932	0.802379	2.94268
X140509_UNC11_SN627_0357_BC4CGKACXX_GATCAG_L004	HR	3.12025	0	0	1.96945	0	0	1.95951	1.63142	3.00321	2.23525	1.85099	0.284346	1.78059	2.22162	6.3852	1.0405	1.45604	0	0	0	0	0	0.525897	5.80374	3.64478	5.21409
X140509_UNC11_SN627_0357_BC4CGKACXX_GTCCGC_L005	HR	3.69679	0	1.78324	2.44381	2.02799	1.78324	2.54306	1.45848	3.52775	1.02123	1.00669	0	1.78324	5.31769	4.21065	2.23451	2.791	1.78324	0	3.1152	0	0	3.0812	4.83927	2.9328	4.60163
X140509_UNC11_SN627_0357_BC4CGKACXX_GTGAAA_L008	HR	4.28857	1.94918	1.27301	1.47596	1.81535	2.16502	4.0082	1.81535	3.40233	2.29271	1.63473	0	0	3.50089	3.61963	0.474063	0	2.30264	1.12472	1.45534	1.8975	0	1.73445	4.67955	3.0911	3.23356
X140509_UNC11_SN627_0357_BC4CGKACXX_TTAGGC_L006	LR	4.63847	0.573652	1.68936	3.35341	0	1.3722	1.994	1.92978	3.78357	0.992684	0.269946	0	0	4.91577	4.4881	0	0	0	0	0.905028	0.727812	0	0.482059	5.61601	2.88179	5.54383
X140509_UNC11_SN627_0357_BC4CGKACXX_TTAGGC_L007	HR	1.66783	0.140545	1.9072	2.66997	1.35251	1.66783	2.95575	2.68231	1.35251	2.411	0	0.252089	1.35251	1.35251	2.22386	0	1.84739	1.35251	1.2251	1.69744	0	0	2.09147	5.45205	0	4.31099
X140509_UNC12_SN629_0368_BC4241ACXX_AGTCAA_L001	LR	5.04707	0	0	0.931162	0	0	2.13087	1.24125	3.388	0.843537	0	0.116001	0.801986	2.8326	4.87337	0	0	0	0.426068	0	0	0	0.125713	5.69101	3.28439	4.12463
X140509_UNC12_SN629_0368_BC4241ACXX_ATCACG_L001	HR	3.66031	1.12602	0	0	0	1.4583	3.44405	2.16296	1.53759	1.62135	2.15629	1.5082	0	2.7969	5.11158	0	0	0	0	0	0	0	1.48824	5.54984	1.16287	0
X140815_UNC11_SN627_0374_AC5FPLACXX_AGTTCC_L002	LR	4.23402	0.888993	0	3.19564	1.42091	1.42091	2.37636	0	3.5011	0.634399	0	0	0.716355	4.36278	5.23303	0	0	0	0	0	0	0.885363	0	5.68764	3.69104	4.77867
X140815_UNC11_SN627_0374_AC5FPLACXX_CCGTCC_L006	HR	2.7996	1.16879	0	0	1.93535	1.59959	2.19136	2.02617	1.29033	0.593582	2.19403	0.332966	0	2.32425	3.5144	0.850941	1.77644	0	2.00355	0.363948	0	0	1.14374	5.31723	2.21862	4.02066
X140815_UNC11_SN627_0374_AC5FPLACXX_CCGTCC_L007	HR	2.65892	0.379199	0	2.48085	0	1.25367	3.18268	1.79282	1.28766	1.3329	2.70132	1.17954	0	0	3.90826	0	2.75948	0	4.5031	2.59871	1.53493	1.14827	1.71453	4.72199	0	3.2882
X140815_UNC11_SN627_0374_AC5FPLACXX_CTTGTA_L006	HR	2.32258	0.348974	1.09315	1.4977	3.06023	0	3.04894	2.70039	1.03804	0.98525	2.44169	0.334135	1.24691	1.38015	2.49799	0.106415	0	1.09315	2.06442	0	0	0	1.54174	4.78765	2.47739	2.98167
X140815_UNC11_SN627_0375_BC59VCACXX_ACTTGA_L004	HR	4.8009	0	0	3.93626	0	1.62654	1.55971	0	3.49077	1.70572	0.620717	0	1.31484	3.76641	6.13718	0	1.24603	0	0	0	0	1.02889	0	5.4194	3.257	5.11175
X140815_UNC11_SN627_0375_BC59VCACXX_CCGTCC_L001	HR	2.22027	1.8803	1.77015	0	0	2.63844	3.44701	3.48635	0	2.91036	2.7205	1.36687	1.44641	0	2.21042	1.106	0.964668	2.01432	3.9318	1.60333	2.27317	1.99684	0.723275	3.46118	0	2.52933
X140815_UNC11_SN627_0375_BC59VCACXX_CGATGT_L003	HR	1.6322	0.11496	0	0.894746	0.768891	0	2.35312	3.29735	0	0.95648	0	2.66498	0	0	1.00652	0	0.987105	0	3.55631	1.25494	0	0	0.0448171	3.54281	0	2.48298
X140815_UNC11_SN627_0375_BC59VCACXX_GCCAAT_L003	HR	4.10984	1.87104	1.39284	4.21886	1.39284	1.95338	3.50391	1.39284	1.6941	3.19439	2.92317	0	1.39284	0	5.24378	0	0	1.39284	0	0	0.295571	1.51973	2.21538	5.88502	0.408378	5.46196
X140815_UNC11_SN627_0375_BC59VCACXX_GCCAAT_L008	HR	2.90769	2.75679	2.02122	2.28637	1.2862	3.78903	4.92004	1.71977	2.49749	2.94606	0	0.684171	2.02122	3.55669	4.28176	1.37748	0	2.44026	1.84142	0	0.53899	0	0.188508	4.99494	2.21354	3.52827
X140815_UNC11_SN627_0375_BC59VCACXX_GTGAAA_L001	HR	1.61488	1.52101	1.95173	1.77634	0	2.3087	3.23978	2.91059	0.976959	2.5533	4.06848	2.33828	0	0	4.24442	4.55032	2.07968	2.68047	0.507741	1.9983	1.84915	1.39139	2.40159	2.77896	1.71031	0
X140815_UNC11_SN627_0375_BC59VCACXX_GTGAAA_L002	HR	3.33559	1.62128	1.21589	0	0	0	3.7328	0	3.58951	3.53565	1.25225	0	2.55462	1.93632	1.79894	2.12953	0	2.23071	3.54116	0	2.62346	0	0	5.52697	0.423564	4.64792
X140815_UNC11_SN627_0375_BC59VCACXX_TGACCA_L002	HR	0	1.38407	1.26011	0	0	2.28649	3.48281	1.26011	2.42902	1.90682	4.33305	0	1.26011	1.26011	4.31166	1.38092	0	0	0	1.26011	0	0.942352	1.10713	4.19978	0	0.180094
X140815_UNC11_SN627_0375_BC59VCACXX_TGACCA_L004	HR	3.09616	0	0	0	0	0	2.30118	1.62369	1.05871	1.41879	0.794975	0.341585	0	0	3.73902	0	2.15756	0	2.66278	2.04263	0	0	0.416978	4.83523	0.720588	4.7124
X140815_UNC9_SN296_0431_BC5AG8ACXX_ACTTGA_L001	HR	2.80466	2.87242	2.60342	0	2.34011	3.89089	4.41837	0	2.38136	2.10623	1.12654	0	2.43579	3.33594	4.16809	0	0	0	0	0	2.2241	0	2.49541	3.59579	2.45587	3.16438
X140815_UNC9_SN296_0431_BC5AG8ACXX_AGTTCC_L001	HR	2.61301	0	0	0	1.4923	1.4923	2.78964	2.4285	2.61978	0	0	0	0	2.90342	3.33746	0	0	0	0	0	0	0	0.494677	4.08772	1.4923	3.48734
X140815_UNC9_SN296_0431_BC5AG8ACXX_CTTGTA_L001	HR	2.43018	0.531285	2.49329	0	1.87954	1.16945	3.43988	1.58624	2.91643	3.16968	1.83392	0	2.39707	2.58106	1.83625	0.653156	1.16945	2.58106	1.83988	0	1.7213	1.15556	0.843475	4.91583	1.8982	3.06411
X140815_UNC9_SN296_0431_BC5AG8ACXX_CTTGTA_L002	HR	0	1.42588	0	0	0	1.40621	3.33246	1.40621	3.06202	2.47654	3.47227	0	2.74933	4.23077	3.52973	2.6067	0	2.5894	0.304017	0	0	2.04322	0	4.79693	1.99225	2.05857
X140820_UNC17_D00216_0240_AC5FB2ACXX_ACAGTG_L002	HR	2.51798	4.13558	3.49733	1.09917	0	3.95032	6.29836	2.02168	1.08935	5.37686	2.17648	1.20274	3.87769	2.27569	1.97228	3.81281	1.36393	4.6051	0.454359	0	0	1.1851	1.34534	5.20134	0	0.405746
X140820_UNC17_D00216_0240_AC5FB2ACXX_ACTTGA_L005	HR	1.55004	1.07758	1.62736	0	1.31559	3.24035	4.25213	2.92987	1.87822	3.6761	2.51851	1.82151	2.05635	0	3.8791	0.992477	2.51799	2.21712	2.93112	2.92581	2.81421	1.94581	2.12637	4.38305	1.13814	3.65661
X140820_UNC17_D00216_0240_AC5FB2ACXX_ACTTGA_L008	LR	1.94198	1.14344	0	0.913539	0	0	2.6596	0	2.92159	0	0	0	0	4.10636	4.01368	0	1.51454	0	0	1.00261	0	0	0.881812	4.42866	4.83085	4.439
X140820_UNC17_D00216_0240_AC5FB2ACXX_ATTCCT_L008	LR	4.17098	0	0	3.5875	0	0	1.22332	0	2.86675	0	0.143354	0	0	2.11885	5.26935	0	0	0	0	0	1.20285	0	0	5.85233	3.67371	4.7947
X140820_UNC17_D00216_0240_AC5FB2ACXX_GAGTGG_L006	HR	4.79705	0.852248	0	2.46335	0	1.73096	2.78253	1.50064	1.81371	0	0	0	0	3.08682	3.99691	0.556827	1.83731	0	2.26749	1.077	0	0	1.32596	4.60246	3.82673	3.42398
X140820_UNC17_D00216_0240_AC5FB2ACXX_GAGTGG_L007	HR	1.63265	0	0	0	0	1.78186	3.31188	1.4572	3.12599	1.6202	2.80958	1.26774	0	4.09918	5.12985	0	0	2.22298	0	0	1.22248	1.04542	1.32548	4.22721	2.40377	4.66144
X140820_UNC17_D00216_0240_AC5FB2ACXX_GATCAG_L003	LR	1.79127	0	0	2.86983	0	0	0.893876	0	4.14132	0	0	0	0	5.16326	2.49233	0	1.74127	1.54681	0.00301912	0.971863	0	0	0.198516	4.29996	1.11632	2.12968
X140820_UNC17_D00216_0240_AC5FB2ACXX_GGCTAC_L003	LR	4.94409	0	1.43078	4.09873	0	0	1.5798	0.585276	3.35648	1.93666	1.30279	0	0	4.48304	5.0378	0	0	0.952034	0.889066	0	0	0	0.166489	5.73287	3.2788	4.8571
X140820_UNC17_D00216_0240_AC5FB2ACXX_GGCTAC_L005	LR	4.40847	0	0	2.546	0	1.34805	2.03575	0	4.45265	1.57618	0.139758	0	0	4.49253	4.93606	0	0	1.34805	0.156658	0	0.121812	0	1.1389	5.3149	3.7712	5.24119
X140820_UNC17_D00216_0240_AC5FB2ACXX_GTGGCC_L008	HR	3.92876	1.40809	0	2.34832	1.14219	1.14219	2.73331	1.66151	3.55241	0	1.14219	0.193396	0.72601	4.10663	5.84523	0	0	1.14219	0.0960293	0	0	0.786107	0.275263	3.95522	3.7902	4.67887
X140820_UNC17_D00216_0240_AC5FB2ACXX_GTTTCG_L004	LR	4.80087	0	0	4.17811	0	0	2.56289	1.25477	3.39147	1.49767	1.70225	0	0	3.98244	5.19783	0	0	0	0.224935	0	0.953736	0	0.201633	6.13349	2.7665	4.65324
X140820_UNC17_D00216_0240_AC5FB2ACXX_GTTTCG_L005	LR	4.99385	0	0	2.73729	0	0	1.4079	0	2.7879	0.39238	0	0	0	3.12951	6.01905	0	0	1.12563	0	0	0	0	0	5.60463	2.75308	5.19116
X140820_UNC17_D00216_0240_AC5FB2ACXX_GTTTCG_L007	HR	3.29471	0.683935	0	2.38955	1.62532	2.21485	3.20991	2.14911	1.98511	1.8247	0	0.530295	1.20341	2.44161	3.98973	2.18561	1.77068	1.20341	1.00508	1.20341	0	0	2.23234	4.70572	2.32202	4.55143
X140820_UNC17_D00216_0240_AC5FB2ACXX_TAGCTT_L007	HR	1.68512	1.81782	1.17171	2.97835	0	2.87392	3.56104	1.9637	3.51732	3.03036	1.18971	1.20563	2.34821	3.86655	6.44791	0.748463	0.795252	2.4963	0	1.20933	0	0	0.104605	3.8896	1.76237	2.3647
X140820_UNC17_D00216_0240_AC5FB2ACXX_TTAGGC_L004	HR	0.588468	0.600106	0	0.262718	2.77402	1.22486	3.58978	1.22486	1.07788	2.0827	2.14327	0.673695	0	1.94722	0	3.97407	1.74013	0	2.84159	1.14314	0	0	2.08053	4.27539	1.33613	2.2812
X140820_UNC17_D00216_0241_BC5DBKACXX_ACTGAT_L007	HR	1.14833	0.878924	0	0	4.34538	1.04569	3.58082	2.23046	1.19144	2.04675	2.77598	1.49516	0.653721	0	0	3.43498	1.69482	1.32656	2.96366	2.0298	2.02612	0	1.83158	3.10107	1.7785	0
X140820_UNC17_D00216_0241_BC5DBKACXX_ATTCCT_L001	HR	2.64595	2.2869	2.24735	0	0	3.8991	4.35373	0	2.35286	4.26435	2.59106	1.07647	1.65466	2.81639	4.17553	3.26597	1.37812	2.66015	0.325117	0	1.80098	0.814172	0.575509	4.31409	2.24735	1.06742
X140820_UNC17_D00216_0241_BC5DBKACXX_ATTCCT_L003	HR	3.69973	0	0	3.81794	0	0	1.69104	1.72713	2.11742	0	0	0	0	0	6.64013	0	0	0	0	0	0	0	0	6.54344	2.7167	5.71789
X140820_UNC17_D00216_0241_BC5DBKACXX_CGATGT_L004	HR	2.32896	1.56429	1.16609	1.52395	0	1.68988	3.35735	0.744177	2.5294	2.11723	2.67339	0.795333	0	3.42839	6.63686	0.256044	0	0	0	0	1.79532	0	0.224397	4.58715	1.48995	3.19483
X140820_UNC17_D00216_0241_BC5DBKACXX_CGATGT_L006	HR	4.42187	0.16478	1.18449	3.27814	1.48241	1.71164	2.76418	1.3445	3.77839	2.72294	0	0	0	3.70642	4.59649	0.727691	1.55031	0	2.29261	1.18449	1.57196	0.933319	2.07779	5.22535	2.65577	5.06521
X140820_UNC17_D00216_0241_BC5DBKACXX_CGTACG_L002	HR	3.51753	2.11676	0	0	0	2.19454	4.12316	1.43278	2.92584	2.23473	0	0	1.75536	4.37152	3.98972	0	0	1.75536	0.776735	1.77056	2.83464	2.32123	3.18379	4.30916	2.09059	4.31651
X140820_UNC17_D00216_0241_BC5DBKACXX_CGTACG_L005	HR	3.9552	0.712522	0	0	2.98084	1.64026	3.07036	2.11311	0	2.99294	0.537068	1.17376	0	0	2.11311	1.49306	1.31896	1.64026	3.27155	0.916674	2.06636	0	2.58037	4.82556	2.14063	2.42856
X140820_UNC17_D00216_0241_BC5DBKACXX_GATCAG_L008	HR	1.14692	0.39131	0	0	0	1.18627	2.33551	2.31248	2.81783	0.300087	1.63523	1.4039	0	3.76317	3.28061	1.13242	1.46068	0	0	0	0.9365	1.11428	0.39491	3.25899	1.73626	1.57667
X140820_UNC17_D00216_0241_BC5DBKACXX_GCCAAT_L007	HR	0.64044	0	0	1.0045	0	1.49539	2.70296	2.77246	0	2.23453	2.30731	1.77549	1.19616	2.20562	2.65798	2.2199	2.54527	1.19616	0.992242	1.62964	1.91999	2.02194	0.785574	4.18368	1.81279	4.6257
X140820_UNC17_D00216_0241_BC5DBKACXX_GCCAAT_L008	HR	1.69435	2.32694	2.18228	0	0	3.14796	4.84898	3.20273	1.95871	2.29001	2.8378	2.07301	2.25361	3.76014	3.55786	0	0	3.48019	0.40352	0	0.66963	0	0.166983	4.29196	1.01091	0
X140820_UNC17_D00216_0241_BC5DBKACXX_TAGCTT_L001	HR	4.97783	0.630854	0	3.25361	0	1.33083	3.53626	0	2.85852	2.81788	1.65814	0	1.33083	3.96095	6.24625	0.872167	0	1.64408	0.0368891	0	1.92931	0.288258	0.456721	5.09057	2.48341	4.96066
X140820_UNC17_D00216_0241_BC5DBKACXX_TGACCA_L006	HR	2.01423	1.80964	1.87404	1.46065	1.16497	2.8647	4.4625	2.92567	2.46943	4.03997	2.45297	1.1988	2.16567	1.46065	4.50354	0.318145	1.41299	2.57506	0.182558	1.04317	2.2745	1.2939	1.68856	3.98787	1.46065	3.32989
X140820_UNC17_D00216_0241_BC5DBKACXX_TGACCA_L008	HR	3.75782	0.0930752	1.04849	3.49208	0	0	2.2188	0	3.80671	2.54084	0	0	1.04849	4.41337	4.66074	0	1.18618	1.54898	0	0	0.080882	0.924156	0	4.30686	3.81274	4.18279
X140821_UNC11_SN627_0376_AC5FE5ACXX_ATCACG_L001	HR	2.25591	2.34827	1.63304	0.522697	1.87066	1.32076	4.46385	1.63304	2.40687	2.56813	0	0	1.87066	3.44071	2.91818	0.736278	1.85124	1.87066	1.79102	1.60279	1.95364	0	0.712975	5.22775	1.27918	3.45504
X140821_UNC11_SN627_0376_AC5FE5ACXX_GATCAG_L007	HR	0	0	0	0	2.91981	0	2.6209	0	1.78056	2.01163	0	0	1.33659	2.71006	0.531517	0	1.26721	0	1.50404	1.55633	2.96356	0	1.58852	3.62377	0	0
X140821_UNC11_SN627_0376_AC5FE5ACXX_GCCAAT_L001	HR	4.13705	1.1346	0	2.2985	0.795165	1.95643	3.49472	2.25167	1.24381	1.79942	1.62767	1.28422	0	0	4.90926	0.0877209	0	1.23245	0.394027	0	1.49935	0	1.13683	5.52645	3.06883	4.5602
X140821_UNC11_SN627_0376_AC5FE5ACXX_GGCTAC_L002	HR	1.95946	0.583667	0	1.56127	0	2.77629	3.62034	0	2.49351	2.42128	0	0	1.66821	2.63247	4.29142	0	0	2.00876	2.11004	0	2.28248	0	2.19822	4.74512	0	3.24019
X140826_UNC9_SN296_0432_AC5CAJACXX_ACAGTG_L005	HR	1.88801	0	0	0	0	0	3.73107	3.13873	1.58219	3.92169	0	0.665801	0	1.98883	5.14794	0.466873	1.61214	1.98883	0	0	2.10011	0	0.810446	4.37999	1.98883	4.37504
X140826_UNC9_SN296_0432_AC5CAJACXX_ATCACG_L002	HR	2.64757	1.95189	1.45393	3.17636	0	0	3.88974	2.02285	3.18297	1.77832	2.30886	0	0	4.51303	5.04707	0	0	2.21918	0	0	1.86279	1.68549	0	5.00123	1.57413	2.91785
X140826_UNC9_SN296_0432_AC5CAJACXX_ATCACG_L004	HR	3.04711	0	1.4074	1.35904	0	0	3.6354	0	2.68342	1.91907	1.53765	0	1.72775	3.04711	4.45704	0	0	2.16485	1.91492	0	0	1.16982	0	5.31364	1.89558	3.69728
X140826_UNC9_SN296_0432_AC5CAJACXX_CGTACG_L004	HR	2.21084	0.884085	0	2.78405	1.70458	2.04752	3.62839	2.50534	2.00934	0	3.14668	0	0	0	5.01085	4.10486	0	1.70458	0	0	1.70458	2.42903	2.14338	5.53319	0.916171	4.23532
X140826_UNC9_SN296_0432_AC5CAJACXX_CGTACG_L006	HR	4.11799	1.02044	1.70388	0	0	0	3.38249	1.70388	1.64966	2.35224	1.65987	0.371233	0	1.70388	5.41448	0	0	2.50455	0.208358	0	0	0	0	5.9185	0	4.38706
X140826_UNC9_SN296_0432_AC5CAJACXX_GTGGCC_L003	HR	0	0.243664	0	0	1.83136	0	2.64339	3.08966	2.10257	1.10403	0	2.23942	0	2.18195	0	1.32696	0	0	0	0	0	0	0	2.96261	0	3.22216
X140826_UNC9_SN296_0432_AC5CAJACXX_TAGCTT_L003	HR	1.55754	1.45632	0	0	1.45632	1.78091	4.15548	0.9727	1.87064	0	1.78091	0	0	1.24347	5.55472	0.854502	0.64044	2.52697	0.628617	0.649159	1.68165	0.18016	1.65689	4.38157	1.10215	1.78091
X140826_UNC9_SN296_0432_AC5CAJACXX_TAGCTT_L006	HR	3.58327	2.14329	0	3.48522	0	0	4.43009	2.06382	2.52844	3.3426	2.44819	0.974651	0	3.13563	5.23292	0	0	2.48504	4.23373	0	0	0	1.84647	5.11213	2.96197	1.83832
X140826_UNC9_SN296_0432_AC5CAJACXX_TTAGGC_L005	HR	3.65874	1.80036	1.91946	2.38109	0	0	3.66518	0	3.19306	2.17826	1.77474	0	0	3.49636	5.51144	0	2.30162	0	2.2041	0	1.72764	1.9855	0.630394	5.38975	1.44263	4.18744
X141031_UNC11_SN627_0387_AC5FAKACXX_ACTTGA_L007	HR	3.63268	0.861253	0	2.08712	0	1.39963	2.91096	0	4.14641	2.08529	0.278722	0	0	5.77342	2.49069	0.454996	1.92129	0	4.67509	1.94913	0.980447	0	0.0297865	4.76252	2.00777	4.0624
X141031_UNC11_SN627_0387_AC5FAKACXX_GATCAG_L008	HR	3.1127	2.31656	1.45322	0	0	3.24167	4.50183	3.14065	2.18918	2.37067	1.77754	1.67557	1.45322	1.45322	5.70383	0	0	1.77754	0.322052	0.898691	0	0	1.61081	3.02826	0.898691	2.99552
X141031_UNC11_SN627_0387_AC5FAKACXX_GTCCGC_L002	HR	1.30794	0.753707	0	0	0	0	2.93054	1.7677	0	0	1.22469	1.07941	0	1.7677	3.91321	0	0	0	1.83022	0	0	0	0.159679	4.80758	1.1838	2.41866
X141031_UNC11_SN627_0387_AC5FAKACXX_GTGAAA_L003	LR	3.01896	0	0	2.73524	0	0	1.89006	1.53293	3.3932	0	0	0	0	4.47917	4.34432	0	1.24593	0	0.570233	0	0	0	0.53659	3.93058	3.17388	3.43046
X141031_UNC11_SN627_0387_AC5FAKACXX_GTTTCG_L005	HR	1.32346	1.28407	1.55205	1.55205	2.27033	1.78532	3.6526	0	2.29483	0	3.52541	0.625009	1.55205	3.34245	4.24177	1.87894	1.14501	1.78532	2.40786	0.129114	0.581842	0	0.313663	4.28966	2.33908	2.8473
X141031_UNC11_SN627_0387_AC5FAKACXX_TAGCTT_L007	HR	2.51558	0.890638	0	0	0	2.68434	3.48514	2.47812	2.8728	1.42303	1.31633	1.27905	1.62817	2.93082	3.42379	0	0	2.68434	0.00334374	0	1.36502	2.35132	2.22242	4.36687	0	3.25128
