Sample	condition	ASPN	AC020571.3	C2	SRD5A2	CD38	HMGB2	BMP6	SLC22A3	SSTR1	COMP	FMOD	PPFIA2	SMOC1	MYBPC1
X111208_UNC10_SN254_0313_BD087RACXX_ACTTGA_L002	LR	1.40293	3.35788	3.20544	3.75216	3.7575	3.78423	1.26667	3.8316	1.13585	2.63564	4.80966	1.175	4.93833	4.90833
X111212_UNC15_SN850_0155_AD087AACXX_ACTTGA_L005	LR	3.36139	2.88428	3.6149	3.01504	3.59123	3.42585	2.15808	2.95211	1.78341	5.19791	4.70997	0.516476	2.48381	4.55022
X111212_UNC15_SN850_0156_BD0KGCACXX_ACTTGA_L001	HR	2.83155	2.23652	3.57264	3.25848	3.61543	3.47937	2.04906	3.79688	2.3864	3.15278	5.49442	2.61315	3.70656	4.50458
X111212_UNC15_SN850_0156_BD0KGCACXX_ACTTGA_L008	HR	2.577	2.72491	2.65095	2.70433	2.76239	3.77884	1.10519	3.23447	2.29201	3.98068	4.26913	0.43424	3.19547	4.61338
X111216_UNC10_SN254_0314_AD0JVAACXX_GATCAG_L004	HR	2.00364	2.90239	2.85054	2.90015	3.49688	3.86149	1.27685	3.7286	2.50206	2.53479	4.31749	1.17354	3.30292	4.69706
X111219_UNC11_SN627_0175_BC0CKKACXX_ACTTGA_L001	HR	1.15174	3.23447	4.09433	3.50982	0.751642	3.48131	2.36401	4.31254	1.53018	3.6042	5.96062	0.799088	4.48141	4.67037
X111219_UNC11_SN627_0175_BC0CKKACXX_ACTTGA_L003	HR	0.720826	2.88978	3.69015	3.45486	5.0699	3.46511	0.905581	5.53065	0.811691	0.862493	5.14607	1.06597	4.10106	5.47846
X111219_UNC11_SN627_0175_BC0CKKACXX_ACTTGA_L004	HR	1.29007	2.28442	3.4478	3.51806	5.17116	3.77514	1.58907	4.22487	2.36598	2.87383	4.80418	2.81612	3.95743	3.64793
X111219_UNC11_SN627_0175_BC0CKKACXX_ACTTGA_L005	LR	1.73753	3.21757	3.28073	2.48549	4.23983	3.01045	0.946932	2.29033	2.24495	1.74193	6.69225	1.12856	3.079	5.28908
X111219_UNC11_SN627_0175_BC0CKKACXX_CAGATC_L004	LR	0.979212	3.33995	3.9483	3.06324	4.46872	3.48263	1.66291	4.50334	1.6604	0.835574	5.89145	0.745852	3.09121	5.57778
X111219_UNC11_SN627_0175_BC0CKKACXX_GCCAAT_L005	LR	2.00953	2.60147	4.06221	3.43298	3.00715	3.66171	1.43572	4.55353	1.16133	2.82757	6.70196	0.535718	3.13117	5.24838
X120201_UNC11_SN627_0181_AC0CETACXX_CAGATC_L002	HR	3.19739	0.952533	2.46925	0.718952	0.612259	3.73	1.67145	3.40235	3.23569	3.33416	5.49214	1.33052	1.24258	2.55026
X120201_UNC11_SN627_0181_AC0CETACXX_GATCAG_L003	HR	3.3453	2.45417	2.94529	2.39063	4.47102	3.93144	1.98578	4.16409	3.59486	4.35876	5.16602	2.25569	3.70744	3.65081
X120201_UNC11_SN627_0181_AC0CETACXX_GCCAAT_L001	LR	1.60468	2.14405	3.07171	3.20809	3.72406	3.89681	1.28728	3.32809	1.47621	1.65657	4.70571	1.2113	3.39157	4.116
X120201_UNC11_SN627_0181_AC0CETACXX_TAGCTT_L004	HR	2.92207	1.99131	2.83792	1.73119	3.03457	3.60423	3.65618	2.02323	2.13459	4.7607	4.33711	3.51115	1.78742	2.84312
X120215_UNC10_SN254_0327_AC0CMCACXX_ACTTGA_L002	HR	2.29583	2.01938	2.3492	1.65568	2.01485	3.80173	1.34585	2.70028	3.01953	3.32067	5.08608	1.22849	1.59196	5.6966
X120215_UNC10_SN254_0327_AC0CMCACXX_ACTTGA_L004	HR	1.96024	2.67136	3.23357	3.32076	3.24622	3.55163	1.57003	4.03792	1.4736	3.29464	5.87335	1.79681	3.03325	5.43052
X120215_UNC10_SN254_0327_AC0CMCACXX_ACTTGA_L006	HR	2.28385	3.19979	2.85389	2.84419	3.5568	3.46891	2.52805	4.82378	3.12166	2.53339	6.67568	1.83981	2.49818	4.40555
X120215_UNC10_SN254_0327_AC0CMCACXX_GATCAG_L005	LR	1.36617	3.57033	4.05174	2.66051	4.44939	3.27931	1.39968	5.3177	2.11289	0.798213	6.21157	0.64032	3.10805	4.65619
X120215_UNC10_SN254_0327_AC0CMCACXX_GATCAG_L007	LR	1.97812	3.54343	4.27852	3.19007	4.28949	3.39484	1.42291	4.77788	1.97572	1.41873	6.03459	0.686264	3.47511	5.99184
X120223_UNC12_SN629_0186_AC0GA2ACXX_ACTTGA_L001	LR	1.30011	3.41335	3.69144	2.98673	4.65015	3.32801	1.23661	5.12993	0.884256	2.86047	5.58576	0.225029	3.68312	5.48587
X120223_UNC12_SN629_0186_AC0GA2ACXX_ACTTGA_L002	HR	1.54775	2.60578	2.49473	2.58811	3.67418	3.29996	2.07031	4.10419	3.40139	4.18392	4.62279	3.35721	3.48673	4.28056
X120223_UNC12_SN629_0186_AC0GA2ACXX_GATCAG_L008	HR	2.86946	1.97261	3.09416	1.94799	1.77717	4.3874	2.16654	3.91812	3.19147	3.6982	3.9425	0.398481	1.83183	5.49651
X120223_UNC12_SN629_0186_AC0GA2ACXX_TAGCTT_L007	HR	3.35811	1.69973	3.40617	1.78718	2.19901	3.65422	2.58583	3.49803	3.08736	3.76606	4.26592	4.01481	1.47853	3.77953
X120425_UNC11_SN627_0224_BD0VAKACXX_CAGATC_L002	LR	2.02429	3.34972	3.50539	2.08403	2.45116	4.09468	3.29164	4.13799	3.07689	2.10412	6.42471	1.74164	2.20666	6.0183
X120425_UNC11_SN627_0224_BD0VAKACXX_CAGATC_L006	HR	2.4749	0.477169	3.21026	0.119132	2.8616	4.83545	4.39239	2.10554	4.19965	2.67818	3.60906	2.82476	1.85929	3.18527
X120425_UNC11_SN627_0224_BD0VAKACXX_GATCAG_L003	HR	2.23717	2.23385	2.62453	1.90699	4.61909	3.61948	2.24376	5.01921	3.27843	1.82051	5.66986	0.501229	3.03353	5.50744
X120425_UNC11_SN627_0224_BD0VAKACXX_GATCAG_L005	HR	2.64549	3.8553	4.32585	0.678413	3.09653	3.94914	3.8211	4.77309	1.61543	4.41118	6.21477	0.344888	0.804463	5.74024
X120425_UNC11_SN627_0224_BD0VAKACXX_GATCAG_L007	LR	1.72042	2.39128	3.17351	1.87708	2.68611	3.33082	0.977636	4.38243	1.5755	2.84205	6.22476	0.536869	1.54381	5.42146
X120425_UNC11_SN627_0224_BD0VAKACXX_GCCAAT_L001	LR	2.44753	3.03866	3.92861	1.91421	4.82424	3.60128	1.33375	5.17523	2.52696	3.46232	6.46588	0.453227	1.99538	5.4008
X120425_UNC11_SN627_0224_BD0VAKACXX_GCCAAT_L005	HR	2.11855	2.80555	4.13845	1.23167	1.16241	3.51967	0.979284	2.87259	2.70855	1.9487	5.78425	0.0736584	1.24826	3.0012
X120425_UNC11_SN627_0224_BD0VAKACXX_TAGCTT_L007	LR	1.09562	3.55291	3.89154	3.53937	4.74555	3.48395	2.10729	5.22436	2.03979	1.23503	6.96221	0.539927	3.90199	5.03868
X120430_UNC10_SN254_0353_AC0TGUACXX_ACAGTG_L005	LR	1.85634	3.25007	3.71948	2.82332	5.05838	3.62196	1.52609	4.82942	1.59482	2.40124	5.55001	2.03177	3.48714	6.03154
X120430_UNC10_SN254_0353_AC0TGUACXX_CAGATC_L007	HR	2.91139	2.42043	3.64224	1.52005	1.64845	3.57807	3.30542	2.62733	2.02089	4.66833	3.96272	0.326832	1.91474	4.72264
X120430_UNC10_SN254_0353_AC0TGUACXX_CGATGT_L008	LR	2.80404	1.86186	2.88709	1.35402	0.876616	2.96027	1.60793	4.47486	4.22339	3.44214	5.71909	4.66386	2.13042	4.50542
X120430_UNC10_SN254_0353_AC0TGUACXX_GATCAG_L007	LR	1.80771	3.28368	3.90374	4.15314	3.55246	3.39597	1.44737	4.41878	1.52761	2.8849	6.50729	0.895407	4.2226	6.20457
X120430_UNC10_SN254_0353_AC0TGUACXX_GCCAAT_L002	HR	1.22237	3.29742	4.02027	1.21006	3.76617	3.43362	0.914402	4.46868	2.21277	3.64867	5.8636	2.42365	1.91096	4.97418
X120430_UNC10_SN254_0353_AC0TGUACXX_TAGCTT_L008	LR	1.7166	2.17932	2.21778	1.73363	5.19733	3.73011	1.2758	2.77925	3.9422	1.90936	5.27588	0.306419	1.96616	3.7996
X120501_UNC11_SN627_0226_AC0TGKACXX_ACAGTG_L004	HR	2.70738	1.28219	3.1386	1.53928	3.00268	4.21495	3.83201	3.51788	3.83394	5.05399	4.46618	4.68867	1.71187	2.59729
X120501_UNC11_SN627_0226_AC0TGKACXX_GATCAG_L007	LR	2.83293	1.58085	2.86896	2.36382	2.24592	3.71197	1.80398	4.40721	4.38963	3.57513	5.26623	0.643408	3.53958	5.04756
X120501_UNC11_SN627_0226_AC0TGKACXX_GCCAAT_L004	LR	2.39723	2.62714	3.8405	3.54307	4.86342	3.4639	2.09818	4.10812	1.31048	4.06848	5.15979	0.771624	4.16687	5.65989
X120501_UNC11_SN627_0226_AC0TGKACXX_GCCAAT_L007	HR	2.75102	1.36353	2.58807	1.58679	3.97766	2.821	2.18976	3.07824	3.70596	3.21227	6.89683	0.752802	2.32129	4.01277
X120501_UNC11_SN627_0226_AC0TGKACXX_TAGCTT_L002	LR	3.26269	3.26599	4.12253	2.9542	3.75286	3.1849	1.23253	4.99387	3.27909	4.30194	5.77484	1.55533	2.92333	5.53209
X120501_UNC11_SN627_0226_AC0TGKACXX_TGACCA_L003	HR	3.46223	2.79296	3.89106	2.42332	3.88767	3.73932	2.4994	4.24193	2.16438	4.81537	5.68726	3.24282	2.98994	5.25901
X120501_UNC11_SN627_0226_AC0TGKACXX_TGACCA_L008	LR	0.949575	2.77595	3.52441	2.94311	5.73714	3.34512	2.19129	4.36661	0.583503	1.94018	4.84177	0.501018	3.38236	6.04961
X120501_UNC16_SN851_0154_BC0MB8ACXX_ACTTGA_L005	LR	1.48631	3.50977	2.96756	3.44954	2.56139	3.59966	1.29305	4.37892	1.87192	2.26001	5.81642	0.845095	4.04783	3.38545
X120501_UNC16_SN851_0154_BC0MB8ACXX_ACTTGA_L007	LR	2.06473	3.11885	3.90546	0.307467	4.15899	3.82287	2.63613	0.969359	3.55414	3.46919	5.21824	0.661718	3.53968	4.08508
X120502_UNC14_SN744_0235_BD0YUTACXX_TAGCTT_L001	LR	1.17144	3.76884	3.63307	3.44069	4.30249	3.27823	1.65612	4.62388	2.99294	0.92116	6.71523	1.44145	3.88568	5.30232
X120502_UNC14_SN744_0235_BD0YUTACXX_TAGCTT_L002	LR	2.90317	3.09847	3.03913	2.7073	4.6925	3.47015	1.69183	4.87149	2.89195	3.89918	4.91395	3.16455	3.34005	4.66265
X120502_UNC14_SN744_0235_BD0YUTACXX_TAGCTT_L003	HR	4.20146	2.33033	3.1303	2.72206	2.30879	3.66682	1.62938	3.82212	4.01523	3.99469	4.84808	3.65798	2.48386	3.77586
X120502_UNC14_SN744_0235_BD0YUTACXX_TAGCTT_L004	HR	3.15693	0.887257	2.25604	0.56829	0.855238	4.02162	2.54225	4.54088	1.32306	5.54141	4.63653	0.866025	0.958206	4.69277
X120502_UNC14_SN744_0235_BD0YUTACXX_TAGCTT_L005	HR	4.09537	3.07197	2.80607	3.13245	4.1615	3.98884	1.93222	4.20771	2.56615	2.70023	4.575	3.78533	3.27509	4.95196
X120507_UNC10_SN254_0355_AC0TR8ACXX_GATCAG_L005	LR	1.21634	3.04499	3.60185	3.29441	5.37992	3.45528	1.29964	4.40734	1.46502	1.66402	5.77376	0.607359	3.81783	6.7695
X120507_UNC10_SN254_0355_AC0TR8ACXX_TAGCTT_L007	LR	1.4026	3.16754	4.71149	2.66268	0.803991	3.14559	1.81503	5.3579	1.84762	2.64454	6.92694	0.468047	3.48161	5.8757
X120507_UNC11_SN627_0228_BC0MG7ACXX_ACTTGA_L006	LR	2.34873	3.37204	3.47564	2.14232	1.97711	3.1759	1.38961	2.96314	3.16712	4.37099	5.88435	2.57116	2.74765	5.10772
X120508_UNC13_SN749_0172_AD101FACXX_ACAGTG_L006	HR	1.50427	1.90775	3.36301	1.90559	3.88577	3.58898	1.59962	5.15668	4.63941	3.94287	5.92105	0.511752	1.76177	4.78688
X120508_UNC13_SN749_0172_AD101FACXX_CGATGT_L004	HR	2.4463	2.70159	3.16726	2.81833	1.55739	3.25772	2.76735	3.28769	2.17138	3.98056	5.29166	0.834784	3.89372	4.22082
X120508_UNC13_SN749_0172_AD101FACXX_CGATGT_L008	HR	1.50795	2.6241	3.82023	2.19522	4.45599	3.26666	1.37657	4.49785	2.0744	1.17085	7.24855	1.40648	2.2151	5.00378
X120508_UNC13_SN749_0172_AD101FACXX_CTTGTA_L001	HR	2.55604	2.79286	2.98421	2.41914	1.57731	3.8002	1.95848	2.80178	3.19555	4.51099	5.91306	1.66404	2.80259	5.20748
X120508_UNC13_SN749_0172_AD101FACXX_CTTGTA_L003	LR	2.39921	2.54715	3.83602	2.40184	2.13192	3.50186	2.16909	4.86215	2.60885	4.16977	5.61668	1.8808	1.94508	4.99177
X120508_UNC13_SN749_0172_AD101FACXX_GCCAAT_L008	LR	1.33302	3.22575	4.98891	2.62248	4.94961	3.02274	1.45559	4.78956	1.48237	1.84423	6.86924	2.64648	3.2852	6.04878
X120508_UNC13_SN749_0172_AD101FACXX_TGACCA_L006	HR	3.27426	2.48205	2.62745	2.87366	4.36163	3.66811	1.0669	3.18273	2.18743	4.88853	4.88955	0.724083	3.24248	5.27383
X120514_UNC10_SN254_0358_BC0M2KACXX_CTTGTA_L002	HR	3.391	1.68793	2.50616	2.7223	0.879198	4.40273	3.07997	3.77514	2.37761	5.30492	4.71864	1.71591	3.69664	5.31354
X120514_UNC11_SN627_0229_AD121AACXX_ACTTGA_L008	HR	3.99257	1.35303	2.81707	0.766322	1.3144	3.18566	2.43067	4.165	2.41582	6.03655	5.38443	1.36914	1.66643	3.47405
X120514_UNC11_SN627_0230_BC0UYHACXX_TTAGGC_L001	LR	1.85426	2.75219	3.45661	2.36357	5.19086	3.00622	2.23342	2.56232	1.43829	2.5925	5.69331	0.265299	2.43771	6.20828
X120514_UNC16_SN851_0159_BC0TARACXX_ACAGTG_L006	LR	0.940718	2.98051	3.91706	3.77577	5.0949	3.20019	1.38421	4.38496	0.57093	1.1902	6.00173	0.47991	3.79919	5.85734
X120514_UNC16_SN851_0159_BC0TARACXX_CAGATC_L004	LR	1.82618	3.27973	2.75235	2.24637	1.02405	3.11892	1.26411	5.006	1.15947	0.94626	4.98403	0.501541	2.41114	4.9359
X120514_UNC16_SN851_0159_BC0TARACXX_CAGATC_L007	LR	2.1943	1.82665	3.66779	1.27251	4.5031	2.72803	0.714225	3.7683	2.34021	3.676	4.66685	0.395139	2.4762	5.87892
X120514_UNC16_SN851_0159_BC0TARACXX_CTTGTA_L002	LR	1.29421	2.1167	2.66207	2.23918	5.43983	2.89269	1.21717	4.53383	1.61807	2.17659	4.88997	0.325269	3.00315	6.44352
X120514_UNC16_SN851_0159_BC0TARACXX_GATCAG_L008	HR	2.96625	3.39504	3.05934	1.1337	0.759283	3.62915	1.48183	4.36911	2.23191	4.43915	4.10415	1.65317	2.4137	4.59428
X120514_UNC16_SN851_0159_BC0TARACXX_GCCAAT_L005	LR	1.29243	2.74062	3.41696	2.7903	4.04709	3.39289	1.40128	4.71023	1.49944	2.27689	5.83111	0.625831	3.70516	5.23356
X120514_UNC16_SN851_0159_BC0TARACXX_GCCAAT_L008	LR	1.66679	2.58084	3.73299	3.6976	3.62985	3.80502	2.21313	4.11709	0.950076	3.72147	6.01106	0.696996	4.42939	5.21452
X120514_UNC16_SN851_0159_BC0TARACXX_TAGCTT_L007	LR	1.04025	3.14964	3.72271	2.73281	3.62661	3.31613	1.23799	4.54898	1.65111	1.08572	6.01028	1.13346	2.83061	5.26669
X120521_UNC12_SN629_0212_AC0RWNACXX_CAGATC_L002	LR	3.56653	1.97137	2.98569	2.60389	5.44888	3.20105	2.23428	2.86581	1.53327	3.43765	4.31106	1.38299	2.73126	3.94166
X120521_UNC12_SN629_0212_AC0RWNACXX_CTTGTA_L003	LR	2.29497	3.50927	4.14403	3.08275	5.12323	3.6194	1.84177	3.20258	1.27679	2.33569	5.93095	0.667208	3.30958	6.06171
X120521_UNC12_SN629_0212_AC0RWNACXX_GATCAG_L002	LR	1.14705	3.79335	4.06857	2.69192	4.28319	3.33339	1.03548	3.8337	1.00553	1.12416	5.63041	0.213049	2.51461	6.50264
X120529_UNC16_SN851_0165_BC0UMTACXX_CAGATC_L005	LR	2.08808	2.87875	3.92496	2.72486	4.6965	3.63659	1.00441	4.3553	1.56999	3.97384	6.27881	0.609995	2.84484	4.89168
X120529_UNC16_SN851_0165_BC0UMTACXX_GATCAG_L005	HR	4.12183	1.09385	2.91003	0.496441	1.22378	3.79325	2.04493	1.62081	3.52973	5.68616	5.54948	2.70137	3.22003	1.56564
X120529_UNC16_SN851_0165_BC0UMTACXX_TGACCA_L004	LR	2.38518	3.00085	3.7682	2.02262	3.23687	3.38772	1.91398	3.83212	2.34338	4.543	6.50382	0.226392	2.01841	5.09967
X120604_UNC13_SN749_0179_AC0V5LACXX_CGATGT_L001	HR	2.37381	0.835891	3.50912	1.36539	3.80637	4.30656	3.31602	3.3411	5.8435	3.86638	4.41604	1.46371	1.66771	2.71116
X120604_UNC13_SN749_0179_AC0V5LACXX_CGATGT_L007	HR	3.10698	2.72318	3.73296	2.92471	4.67705	3.46376	2.74088	3.66031	2.97295	4.69405	4.95979	1.38172	2.7429	5.33176
X120604_UNC13_SN749_0179_AC0V5LACXX_GCCAAT_L002	LR	2.19271	3.06888	3.66774	2.59826	2.77894	3.29712	2.06557	2.88646	1.22639	3.32295	4.04458	0.633602	3.04311	5.34896
X120604_UNC13_SN749_0180_BD127FACXX_CGATGT_L001	LR	2.07498	2.57998	3.71224	2.39057	1.61125	3.69764	2.34519	4.21707	3.29556	2.1196	5.6135	0.146225	2.09754	4.33452
X120604_UNC13_SN749_0180_BD127FACXX_GCCAAT_L002	HR	3.22534	2.43931	2.84858	1.74634	2.26495	3.54525	2.21538	3.1537	2.9259	5.09268	5.35786	0.842092	2.70049	6.37755
X120604_UNC13_SN749_0180_BD127FACXX_GCCAAT_L003	HR	2.49181	1.48255	2.08199	1.5745	1.22696	3.47771	1.86183	4.59248	4.91475	4.54846	5.39755	3.0682	2.61179	2.86581
X120604_UNC13_SN749_0180_BD127FACXX_GCCAAT_L005	LR	2.02877	3.18823	4.11	2.67267	4.17879	3.2165	1.89148	5.28161	3.35875	3.375	5.65423	2.20166	3.44965	5.4881
X120611_UNC15_SN850_0219_BD120UACXX_ACAGTG_L008	LR	1.9114	2.38866	2.55894	3.57561	4.85329	3.28566	1.70147	3.66899	2.17606	2.97391	4.92889	0.577259	3.8163	5.91626
X120710_UNC12_SN629_0215_BC0WRNACXX_TGACCA_L005	LR	2.4848	2.8984	2.69213	3.65588	3.27259	2.69014	1.88519	3.99863	1.51698	1.69929	5.02705	2.25736	3.93804	5.10761
X120710_UNC12_SN629_0215_BC0WRNACXX_TGACCA_L006	LR	1.81902	2.56444	2.4924	4.07659	4.32111	2.86888	1.98591	3.0313	1.5209	1.53656	4.58454	3.40147	3.98755	4.60895
X120710_UNC16_SN851_0169_AC0VVKACXX_CAGATC_L004	LR	2.16508	2.36245	2.5984	4.07154	4.25009	2.28258	2.46914	3.56035	1.2981	1.95032	4.87368	3.58476	4.48824	4.85777
X120710_UNC16_SN851_0169_AC0VVKACXX_CAGATC_L007	HR	3.00727	1.50981	2.23794	2.50624	3.76655	2.29606	4.74867	3.05559	0.892985	2.30008	3.62116	0.653126	1.75924	4.59597
X120710_UNC16_SN851_0169_AC0VVKACXX_TGACCA_L001	LR	2.08038	2.96866	3.00995	3.90548	5.15	3.14646	1.35389	5.04855	1.49788	1.91346	4.88564	2.41834	3.77246	5.26586
X120710_UNC16_SN851_0169_AC0VVKACXX_TGACCA_L002	HR	2.78928	1.65352	2.14929	2.22698	3.72161	2.92045	4.41374	2.53393	0.959216	1.80783	3.62216	1.35108	1.27284	4.36748
X120713_UNC16_SN851_0171_BD1358ACXX_ACAGTG_L005	HR	2.45422	2.53147	2.41021	2.61523	4.147	3.4363	1.3207	3.51499	3.19475	1.13156	5.60712	1.66356	2.95697	3.52326
X120713_UNC16_SN851_0171_BD1358ACXX_ACTTGA_L002	LR	1.52339	1.89244	3.62477	2.81015	5.26159	3.3604	1.67853	2.92551	1.83398	1.78021	3.6837	0.206488	3.29336	5.73505
X120806_UNC17_SN7001277_0041_BD132VACXX_ACTTGA_L007	LR	1.43127	3.70024	4.22849	3.03301	4.99624	3.44446	1.34157	4.85606	1.38937	1.78038	6.87133	0.896717	3.71707	5.13912
X120814_UNC12_SN629_0220_AD13JAACXX_AGTCAA_L002	LR	1.11359	3.58907	4.56474	2.84495	4.90222	3.24195	1.87232	5.40599	1.45155	0.717619	6.41345	2.16139	3.28468	5.61716
X120814_UNC12_SN629_0220_AD13JAACXX_AGTTCC_L004	HR	2.15242	3.15862	4.12341	2.31268	3.75638	3.87047	1.8875	5.23731	2.5798	1.96682	3.99761	3.08372	2.60821	5.20715
X120814_UNC12_SN629_0220_AD13JAACXX_CAGATC_L003	LR	1.70053	2.0974	3.57763	1.94639	4.44997	3.46587	1.67202	3.52047	2.59749	3.60799	3.60241	1.57066	2.42258	4.7746
X120814_UNC12_SN629_0220_AD13JAACXX_CGATGT_L004	HR	2.44776	3.12275	3.61892	2.59722	2.56524	3.25529	2.1794	3.99811	2.66778	2.67123	5.73362	1.19358	3.26673	5.81096
X120814_UNC12_SN629_0220_AD13JAACXX_GATCAG_L006	LR	1.5868	2.34654	2.97532	2.37806	3.73388	3.34779	0.98326	3.99749	2.53879	1.59654	6.66275	0.312253	2.78709	6.29159
X120814_UNC12_SN629_0220_AD13JAACXX_GCCAAT_L001	LR	0.97878	3.10552	2.82347	2.57856	4.65917	3.37556	1.21737	3.74853	1.93035	2.79977	5.0499	1.32778	3.36156	5.56341
X120814_UNC12_SN629_0220_AD13JAACXX_GCCAAT_L008	HR	2.4234	1.25816	2.54365	2.22104	3.57541	3.48377	3.70311	3.16496	0.818966	3.48537	3.64539	0.537809	2.62992	4.63818
X120814_UNC12_SN629_0220_AD13JAACXX_TAGCTT_L008	HR	2.65541	2.38584	3.38917	3.48737	3.67526	4.08341	2.7052	4.09782	2.32329	3.22741	4.69391	2.04668	3.49458	4.51951
X120814_UNC12_SN629_0220_AD13JAACXX_TGACCA_L003	LR	2.34781	3.62455	3.37762	2.48736	5.20645	3.65652	1.08256	5.27817	1.04391	3.73314	4.70038	1.00371	3.2053	5.05063
X120815_UNC16_SN851_0177_BD13LJACXX_ACAGTG_L007	HR	2.90994	2.26526	2.72545	3.07268	4.27685	3.30892	1.80819	4.10288	1.50608	4.00707	5.06017	0.741053	3.5486	5.70116
X120815_UNC16_SN851_0177_BD13LJACXX_AGTCAA_L008	HR	3.00779	1.75698	3.14775	3.96742	1.0622	3.65134	1.5002	2.89018	1.09227	4.87166	5.78641	0.612703	5.06471	6.08754
X120815_UNC16_SN851_0177_BD13LJACXX_CGATGT_L007	HR	3.63126	0.381487	2.74596	1.08129	1.69599	3.88389	2.21816	1.56046	1.5142	4.43837	4.19037	4.30681	0.923463	3.44445
X120815_UNC16_SN851_0177_BD13LJACXX_CTTGTA_L006	LR	1.38388	2.99096	4.03959	3.57381	3.76403	3.46114	1.68679	4.14885	0.847906	1.32765	5.65755	1.05115	3.5183	5.72108
X120815_UNC16_SN851_0177_BD13LJACXX_GCCAAT_L008	LR	2.31847	3.40099	4.09565	3.249	5.19391	3.2623	1.58605	4.63534	1.9019	2.67956	6.20514	3.43564	3.60897	4.10597
X120904_UNC14_SN744_0268_AC10DDACXX_GTGGCC_L004	LR	1.52111	3.50801	3.53299	2.72001	3.73416	3.39849	2.43637	3.14202	1.90351	1.68509	6.23742	1.16874	3.02199	4.6259
X120904_UNC14_SN744_0268_AC10DDACXX_GTTTCG_L005	HR	2.86738	2.39149	3.43167	2.2262	4.85015	3.74678	2.04615	4.79736	2.59502	2.12468	5.35699	1.02554	2.41519	3.6039
X121011_UNC15_SN850_0238_AD13P9ACXX_NoIndex_L007	LR	2.44952	2.79878	3.04951	3.92747	3.53225	2.29715	2.18439	4.47066	1.28242	2.39847	5.22762	2.20239	4.30619	5.27992
X121011_UNC15_SN850_0238_AD13P9ACXX_NoIndex_L008	LR	1.38045	2.75392	2.8024	3.24514	4.71037	2.17581	0.915215	4.81589	1.01426	1.36683	4.03391	1.80118	2.9835	4.81966
X121126_UNC9_SN296_0314_BC11Y0ACXX_ACAGTG_L004	HR	3.50871	3.01105	2.71383	2.51774	1.13101	4.02573	2.29749	3.2924	3.09582	4.20197	4.98888	1.70775	2.83327	5.30416
X121126_UNC9_SN296_0314_BC11Y0ACXX_ACTTGA_L002	HR	2.55517	1.33109	2.14155	1.44964	1.10379	4.23805	1.83691	3.89644	2.58876	3.88446	3.32463	4.61775	2.11095	3.73348
X121126_UNC9_SN296_0314_BC11Y0ACXX_CAGATC_L002	HR	3.45154	3.91192	3.5943	3.05941	2.6729	4.02536	1.76495	2.98636	1.75969	3.4812	4.77498	2.49001	3.65077	5.49193
X121126_UNC9_SN296_0314_BC11Y0ACXX_TAGCTT_L003	HR	2.58512	2.7191	2.40706	2.30385	0.579702	4.79513	1.4762	3.34626	3.42329	4.45611	4.19927	3.8946	2.17943	3.27277
X121127_UNC16_SN851_0192_AC0YN3ACXX_GCCAAT_L001	HR	3.88809	2.73825	2.97997	1.52502	0.686977	3.67514	2.11733	2.44314	2.13618	4.75104	5.17202	0.922062	1.77254	5.14322
X130118_UNC12_SN629_0250_BD1MC5ACXX_GCCAAT_L008	HR	1.39204	2.77166	3.84345	3.67323	4.73545	3.82396	1.47325	4.38152	2.06521	2.26683	5.88817	0.723227	4.42369	4.23641
X130205_UNC16_SN851_0213_AD1TC5ACXX_AGTCAA_L005	HR	0.871745	0.594854	2.40809	0.0606439	0.965284	4.94731	5.37857	0.0458242	0.739128	0.329845	1.94842	0.0307816	0.0307816	4.80229
X130205_UNC16_SN851_0213_AD1TC5ACXX_AGTTCC_L006	HR	2.88368	1.80178	2.38304	0.765516	3.57806	3.52789	2.75951	2.75502	5.18907	3.41759	3.67948	5.21296	0.740518	2.21644
X130205_UNC16_SN851_0213_AD1TC5ACXX_CTTGTA_L003	HR	1.92487	2.23175	2.13573	0.517885	1.21342	3.64638	0.798072	2.03711	2.66013	3.7514	3.86814	1.86964	1.99583	3.08723
X130221_UNC9_SN296_0338_BC1PYCACXX_TTAGGC_L007	HR	3.35382	0.963825	2.83092	0.609387	1.2619	4.96592	4.51029	1.89424	5.86375	3.84388	3.57902	0.450451	1.59746	2.44591
X130226_UNC14_SN744_0315_AD1V5TACXX_ATCACG_L004	LR	1.7949	3.67828	4.5346	2.97406	4.66137	3.42925	1.34664	4.904	1.29556	1.58312	7.1833	0.934258	3.7199	5.47191
X130226_UNC14_SN744_0315_AD1V5TACXX_TGACCA_L007	HR	1.04574	2.84942	3.77032	2.79656	4.6664	3.40948	2.05215	3.32622	1.52852	1.89153	6.38095	0.181618	2.98436	5.41562
X130226_UNC14_SN744_0315_AD1V5TACXX_TTAGGC_L001	LR	2.91447	2.35462	4.33615	2.86241	4.63847	3.452	1.64747	4.09183	0.690971	4.27405	4.91322	0.705976	2.67218	6.3218
X130325_UNC12_SN629_0268_AC22W1ACXX_AGTTCC_L006	LR	1.40111	2.3654	2.9973	4.37771	4.30027	3.38426	2.65737	2.86929	2.34606	2.33427	4.79463	2.4249	4.39043	3.21349
X130325_UNC12_SN629_0268_AC22W1ACXX_GATCAG_L008	HR	3.75736	0.789568	2.90746	0.668822	1.60605	4.87301	3.61357	1.31656	5.23206	4.15462	4.07188	3.22283	0.800878	4.03047
X130325_UNC12_SN629_0268_AC22W1ACXX_GTGGCC_L006	LR	1.66677	2.15637	2.92319	3.38231	3.30891	3.65266	1.50611	2.96552	2.09756	2.8882	4.66068	2.38428	3.45417	3.35014
X130325_UNC12_SN629_0268_AC22W1ACXX_TAGCTT_L005	HR	1.36343	3.44798	3.99753	3.37682	5.62295	3.296	1.10627	4.94311	1.96853	0.748499	5.32429	1.34583	3.95272	5.7313
X130325_UNC16_SN851_0231_BC20VNACXX_ACTTGA_L004	HR	3.37216	2.57173	2.4781	0.712883	2.93542	4.06189	1.38911	4.08876	3.59275	3.89108	4.15513	0.460536	1.30463	2.26182
X130328_UNC10_SN254_0443_AD238RACXX_AGTCAA_L003	HR	2.02704	1.97624	2.1931	1.23347	3.24506	3.26215	1.64064	2.73435	2.09463	3.967	5.33559	0.548087	2.08643	4.05051
X130328_UNC10_SN254_0443_AD238RACXX_CTTGTA_L004	HR	3.12105	0.831309	2.65178	2.01821	4.56389	4.49516	3.21382	2.26838	3.37622	4.31574	4.58108	0.995777	2.30784	3.02824
X130328_UNC10_SN254_0443_AD238RACXX_GATCAG_L001	HR	3.69186	1.79183	2.57238	3.28027	1.96881	3.97409	2.44067	3.79637	0.849509	4.81161	4.53805	2.41617	3.44218	3.01779
X130328_UNC10_SN254_0443_AD238RACXX_GGCTAC_L002	HR	1.95438	1.59266	2.74627	2.82171	2.97401	4.2303	1.02032	3.54829	2.74034	1.10011	5.2391	1.24942	2.94535	4.16306
X130328_UNC10_SN254_0443_AD238RACXX_GGCTAC_L003	HR	3.62788	1.8893	3.21383	2.45607	1.47659	3.20183	2.80598	3.0122	3.32323	3.20831	4.25658	4.92171	3.46201	3.63873
X130328_UNC10_SN254_0443_AD238RACXX_GTTTCG_L005	LR	0.912068	4.31461	3.58944	2.19262	4.52169	3.35378	1.46664	4.98171	0.768256	0.636171	5.35477	0.768256	2.64417	5.59765
X130328_UNC10_SN254_0443_AD238RACXX_TAGCTT_L001	HR	3.99528	2.93017	3.60841	0.543469	1.22985	4.42835	3.90325	1.39011	2.4688	5.99611	5.3293	3.5522	1.34134	4.46907
X130530_UNC9_SN296_0371_BC2528ACXX_ACTTGA_L004	HR	1.05575	2.42389	2.63208	2.57198	2.44286	4.3014	1.32844	4.2142	2.5168	1.95882	4.70755	0.224971	3.00973	5.80497
X130530_UNC9_SN296_0371_BC2528ACXX_GATCAG_L007	HR	2.69293	1.32688	1.85561	0.549576	0.344245	4.39782	1.78622	2.9617	3.0702	4.93819	3.43391	0.73709	0.819122	3.77162
X130530_UNC9_SN296_0371_BC2528ACXX_GGCTAC_L007	HR	2.70458	2.66118	3.54136	2.16281	1.60205	3.72378	1.23083	3.65206	3.69742	4.12038	3.76205	0.392697	2.42756	2.53072
X130530_UNC9_SN296_0371_BC2528ACXX_GTGGCC_L005	LR	2.45146	3.6493	3.51594	2.53863	2.87776	3.94789	1.25638	4.75414	0.933059	3.10757	5.77853	0.347761	3.05915	6.08487
X130530_UNC9_SN296_0371_BC2528ACXX_GTGGCC_L007	LR	2.68718	3.86689	3.5294	3.3924	3.15444	3.30376	1.73377	3.89027	1.26405	2.5705	5.45604	0.662353	3.04723	6.79424
X130530_UNC9_SN296_0371_BC2528ACXX_GTTTCG_L005	HR	3.79379	2.32564	2.95391	2.83159	2.16668	4.00923	2.17536	3.50804	0.697631	4.2261	4.28234	1.73752	2.69606	5.42969
X130530_UNC9_SN296_0371_BC2528ACXX_GTTTCG_L008	HR	1.8948	4.54121	5.09338	0.785097	0.849896	4.34734	2.5068	4.30217	0.271489	1.89203	6.99524	0.0708238	0.473425	7.00392
X130530_UNC9_SN296_0371_BC2528ACXX_TAGCTT_L004	HR	0.856805	3.4821	3.38528	2.96116	3.89633	3.1497	0.482249	5.25814	0.80622	1.20115	5.83157	0.420605	3.07384	6.85951
X130530_UNC9_SN296_0371_BC2528ACXX_TAGCTT_L006	HR	3.51055	2.43743	2.86685	3.12369	3.53061	3.97095	2.39825	3.40072	1.64077	4.82497	6.19538	0.732851	2.36953	4.72904
X130530_UNC9_SN296_0371_BC2528ACXX_TTAGGC_L005	HR	2.66742	2.45649	0.992576	0.350642	0.516182	3.51977	1.07066	1.44268	2.70719	2.20507	2.4051	0.0533321	0.505225	3.34217
X130530_UNC9_SN296_0371_BC2528ACXX_TTAGGC_L008	HR	2.65471	1.7814	3.67933	0.523891	3.10489	5.55273	2.61808	4.54474	1.05397	4.74775	3.32347	3.28591	0.523891	3.98719
X130606_UNC9_SN296_0372_AC277JACXX_ATCACG_L006	LR	1.46754	4.31983	5.07074	1.72731	3.49554	3.1583	1.33929	5.06097	1.02622	1.59264	6.112	0.588896	1.76632	6.26056
X130606_UNC9_SN296_0372_AC277JACXX_GATCAG_L001	HR	3.26714	3.15119	2.5474	0.451113	1.74674	4.31395	1.03667	1.86554	2.35494	4.91439	3.56052	3.38002	0.750563	5.24481
X130606_UNC9_SN296_0372_AC277JACXX_GGCTAC_L001	HR	3.21254	1.0194	2.11495	1.42888	3.16227	4.97299	3.25329	3.00344	4.14991	4.4556	4.41626	3.05257	1.50954	3.85456
X130722_UNC9_SN296_0385_AD2F28ACXX_ACTTGA_L006	LR	0.984008	2.58468	3.77424	2.04869	3.86323	3.19672	0.770658	4.50878	2.09894	0.863136	6.02038	2.14232	2.75217	4.11027
X130722_UNC9_SN296_0385_AD2F28ACXX_ATCACG_L006	HR	1.68486	1.99018	2.87721	2.42191	3.28948	3.48874	1.25467	3.3153	2.63437	3.77629	4.65889	0.165922	2.63724	4.47861
X130722_UNC9_SN296_0385_AD2F28ACXX_GATCAG_L007	HR	2.13498	2.7213	3.56806	2.8924	2.97313	4.68065	1.77594	3.92206	0.810377	3.73627	4.55702	0.628144	4.12702	4.92846
X130722_UNC9_SN296_0385_AD2F28ACXX_GGCTAC_L008	HR	2.97301	2.06608	3.00663	3.24782	3.62143	4.1857	2.0089	3.77448	1.96888	3.57688	5.41428	1.55149	2.97301	5.11571
X130722_UNC9_SN296_0385_AD2F28ACXX_GTGGCC_L005	HR	2.75684	1.75965	2.40067	0.841659	3.55771	3.00549	3.4846	1.61972	1.25386	5.13179	3.60337	0.192642	1.1727	5.20312
X130722_UNC9_SN296_0385_AD2F28ACXX_GTTTCG_L007	LR	1.54285	2.26644	2.73244	4.15083	4.10281	3.6176	1.56291	4.3131	1.15694	1.91989	4.98511	0.750726	4.6802	3.91292
X130722_UNC9_SN296_0385_AD2F28ACXX_GTTTCG_L008	LR	2.24767	3.03139	3.68962	2.62024	2.35961	3.62203	1.98627	4.46166	3.78885	3.41532	4.88525	3.51583	2.42208	4.99526
X130722_UNC9_SN296_0385_AD2F28ACXX_TAGCTT_L005	HR	3.59089	2.11247	2.6283	1.77792	0.659206	3.76902	1.52376	4.05144	1.94767	3.48941	4.87322	5.00161	2.73045	2.36945
X130722_UNC9_SN296_0385_AD2F28ACXX_TTAGGC_L007	LR	1.43114	3.60404	3.79819	3.04444	4.54687	3.31051	1.46692	4.90924	0.75825	2.46264	5.6592	1.90561	3.04606	5.82317
X130722_UNC9_SN296_0385_AD2F28ACXX_TTAGGC_L008	HR	2.1383	2.26257	2.531	1.0732	3.89748	3.40756	3.01591	1.51435	2.34274	3.35422	5.8481	4.1622	1.49855	5.58653
X130723_UNC9_SN296_0386_BC2E4WACXX_ACTTGA_L002	HR	3.11892	3.61024	3.78425	2.51805	3.69252	3.85972	1.49271	4.39716	2.81023	4.20492	5.28003	1.29521	2.44841	4.37149
X130723_UNC9_SN296_0386_BC2E4WACXX_ATCACG_L001	HR	2.63378	3.12461	3.5406	2.19416	5.35999	3.51188	1.71299	2.91817	1.55741	4.17509	5.20178	1.12985	2.61317	5.424
X130723_UNC9_SN296_0386_BC2E4WACXX_GATCAG_L001	HR	2.46515	2.63098	2.43856	0.685072	0.999539	3.78688	0.821234	2.98229	3.47603	3.87193	5.04698	0.239091	0.786698	2.91872
X130723_UNC9_SN296_0386_BC2E4WACXX_GTGGCC_L001	LR	0.962623	2.43115	3.58206	1.74747	1.04724	3.13976	1.6572	4.56348	2.48349	1.15691	4.27898	1.44388	2.27762	2.30105
X130807_UNC12_SN629_0325_BD2BD7ACXX_GGCTAC_L004	LR	0.975933	3.28709	4.03886	2.23614	3.86814	3.53006	1.11927	4.15412	3.25399	1.64453	5.9251	2.34581	2.77637	5.11557
X130807_UNC12_SN629_0325_BD2BD7ACXX_GTTTCG_L004	LR	0.58764	3.54004	3.91974	3.07115	0.320077	3.22278	1.9659	5.3118	3.23294	0.838447	7.01155	1.68753	4.19087	5.70397
X130807_UNC12_SN629_0325_BD2BD7ACXX_TTAGGC_L004	HR	1.78491	2.07926	3.32478	0.941782	0.320029	4.32945	2.53547	1.57434	1.91033	4.3804	2.79947	0.452817	1.30726	5.21878
X130807_UNC12_SN629_0325_BD2BD7ACXX_TTAGGC_L005	HR	2.12315	0.838903	1.15304	1.58764	2.61462	3.05323	2.42018	1.61087	0.787942	2.46584	2.45038	2.07484	1.27491	6.57325
X130814_UNC10_SN254_0487_AC2BD1ACXX_ACAGTG_L004	LR	0.896289	2.12381	3.63489	4.24318	3.18153	3.18725	0.439911	3.10651	0.90191	2.18934	4.82519	0.0537842	5.13525	5.68028
X130814_UNC10_SN254_0487_AC2BD1ACXX_GCCAAT_L005	HR	2.14344	1.92188	3.42301	3.17229	3.08878	3.5348	1.05512	3.28541	1.64827	4.03737	3.96491	0.111767	3.74081	4.51744
X130827_UNC15_SN850_0324_AC2B28ACXX_ACAGTG_L002	LR	2.0501	2.29518	3.39198	1.67054	4.52588	3.27591	2.45985	3.22341	1.08045	2.4155	3.42004	0.156335	2.66502	5.79189
X130827_UNC15_SN850_0324_AC2B28ACXX_ACTTGA_L005	HR	1.4747	2.65627	2.64551	0.357592	2.74918	4.06129	1.97389	1.78349	3.0529	4.32772	4.38325	3.97476	0.484905	2.98307
X130827_UNC15_SN850_0324_AC2B28ACXX_CAGATC_L002	LR	1.444	1.89203	3.80274	1.87697	2.07786	2.83747	0.47697	4.32324	1.6023	3.53567	3.52842	0.15288	1.72136	4.41802
X130827_UNC15_SN850_0324_AC2B28ACXX_CTTGTA_L003	LR	1.58732	1.80071	3.72186	2.10409	4.87505	3.06686	1.00977	4.5857	2.44646	3.72435	4.94544	0	2.96493	4.38383
X130827_UNC15_SN850_0324_AC2B28ACXX_GCCAAT_L002	LR	1.50999	2.44753	3.79234	2.60242	3.52948	3.10105	0.451582	3.15724	1.42054	2.77155	5.34211	0.282294	3.46848	6.15963
X130827_UNC15_SN850_0324_AC2B28ACXX_GGCTAC_L008	HR	1.41302	2.39987	3.08653	2.57487	4.80088	3.74735	0.58994	4.00998	0.666183	2.36859	3.91133	0.237409	3.51085	4.02796
X130827_UNC15_SN850_0324_AC2B28ACXX_GTGGCC_L007	HR	2.95966	3.57112	2.67474	1.98759	3.48317	3.29902	1.28383	3.44837	3.35918	4.23171	5.59803	0.284116	2.58942	4.05746
X130827_UNC15_SN850_0324_AC2B28ACXX_TAGCTT_L008	LR	2.12856	2.88792	3.93466	2.91024	3.88413	2.96351	0.936507	4.72873	0.327694	3.23312	5.58377	0.0515263	4.34428	5.3769
X130827_UNC15_SN850_0325_BC2AV1ACXX_ACTTGA_L006	LR	0.502647	2.52309	4.14214	2.21275	4.05653	3.21755	1.1686	4.97116	0.935777	1.03226	5.51761	0.385829	3.10158	4.57335
X130827_UNC15_SN850_0325_BC2AV1ACXX_ATCACG_L002	LR	1.35019	3.25022	3.4676	2.85056	4.46839	3.34624	0.781995	3.84146	1.06484	2.58082	5.9295	0.416669	3.33385	5.06864
X130827_UNC15_SN850_0325_BC2AV1ACXX_GATCAG_L001	LR	2.40061	2.40999	2.36635	1.56943	1.34497	3.78828	1.32147	3.29871	3.31233	4.16747	3.86279	2.50296	2.59358	5.01374
X130827_UNC15_SN850_0325_BC2AV1ACXX_GATCAG_L002	LR	3.09062	3.18229	3.77385	2.86614	3.93209	3.75003	1.06898	2.86091	0.667089	5.25076	5.2609	0.418826	3.93896	5.29386
X130827_UNC15_SN850_0325_BC2AV1ACXX_GGCTAC_L001	LR	2.34663	2.82339	3.82577	3.31784	4.97411	3.55442	1.48163	3.57564	0.840145	4.15395	4.19773	0.182326	3.91704	6.00148
X130827_UNC15_SN850_0325_BC2AV1ACXX_GTGGCC_L006	LR	0.70355	3.36728	3.96152	3.43349	4.59692	3.63904	0.898431	5.42262	0.818321	2.11369	5.6324	0.140845	4.92555	5.09736
X130827_UNC15_SN850_0325_BC2AV1ACXX_GTTTCG_L005	LR	2.06737	2.79665	4.40082	3.31977	2.80315	3.52894	1.24687	4.11085	1.05068	4.73025	5.85372	0.157855	4.2309	5.71105
X130926_SN254_0496_AD2DY9ACXX_GTGGCC_L003	LR	1.69275	3.73573	4.60734	2.87519	4.28846	3.61377	0.921543	5.13735	0.8523	2.84144	6.37562	0.224897	3.6166	5.91549
X131008_UNC11_SN627_0326_AC2KLPACXX_AGTTCC_L003	HR	2.47229	0.85795	3.47378	1.89522	1.55147	3.3519	1.28503	2.97339	0.586682	4.87071	3.7886	0.156824	2.45349	5.57956
X131008_UNC11_SN627_0326_AC2KLPACXX_AGTTCC_L004	LR	1.08547	3.34505	3.56069	2.86873	4.27866	3.43193	0.878386	3.94076	1.00661	2.32877	4.82972	0.640849	3.32909	4.77466
X131008_UNC11_SN627_0326_AC2KLPACXX_CGATGT_L003	HR	0.690107	0.920807	1.50389	0.332786	1.0854	4.43195	2.37352	0.0785272	1.54539	0.272433	5.64575	2.3556	0.0268668	4.9047
X131008_UNC11_SN627_0326_AC2KLPACXX_CGATGT_L005	HR	2.70127	2.94892	2.20388	0.413866	0.753767	3.69502	1.41898	1.39102	3.13432	4.51553	4.27631	3.57844	1.4759	5.00614
X131008_UNC15_SN850_0331_AC2KJ8ACXX_AGTCAA_L006	LR	1.06812	3.41303	3.3886	1.94676	5.66067	3.19209	1.55259	3.76579	1.27943	1.65177	4.47573	0.0583253	2.80235	6.69706
X131008_UNC15_SN850_0331_AC2KJ8ACXX_AGTTCC_L003	HR	1.31293	1.58362	1.83704	1.06645	1.06645	3.50767	1.59319	1.80674	4.42535	1.58041	2.89929	5.26369	1.85186	1.35408
X131016_UNC10_SN254_0498_BC2KTUACXX_ATCACG_L005	LR	1.59068	2.81649	2.59487	2.97514	1.36011	3.87348	1.14919	3.84987	1.276	4.09002	5.70544	0.401456	3.8029	4.58248
X131016_UNC10_SN254_0498_BC2KTUACXX_GTGGCC_L003	HR	2.17613	0.577296	3.16829	1.97479	0.849821	3.06343	2.70473	4.05011	3.18135	2.90437	3.11228	1.20036	2.65734	4.77901
X131016_UNC10_SN254_0498_BC2KTUACXX_GTTTCG_L005	HR	1.58656	2.88588	4.25376	3.32984	4.79873	3.67057	1.39647	4.4571	2.15601	2.4498	6.32147	0.66136	3.9265	5.1443
X131016_UNC10_SN254_0498_BC2KTUACXX_GTTTCG_L008	LR	2.14017	2.44673	3.94596	2.78095	4.38777	3.42551	1.29523	2.84793	1.58964	3.3606	4.92921	0.437809	3.09133	6.12407
X131016_UNC15_SN850_0333_AC2MBAACXX_ATCACG_L007	HR	2.73306	0.773371	2.62639	0.734144	1.42068	3.69647	1.68461	3.65062	3.89016	5.70101	4.03727	3.38519	1.27654	4.68452
X131016_UNC15_SN850_0333_AC2MBAACXX_GTGGCC_L007	HR	2.13401	3.47303	4.47361	0.905433	1.60619	3.24608	1.05012	4.15186	0.759978	5.39153	5.9036	0.237298	1.85733	5.65906
X131021_UNC9_SN296_0409_BC2M6NACXX_ATCACG_L004	HR	3.19363	2.57711	3.38387	3.11502	3.65271	3.80686	1.33616	2.85565	1.64993	4.1598	4.80246	2.03214	3.02484	3.90875
X131021_UNC9_SN296_0409_BC2M6NACXX_GTTTCG_L003	LR	2.34561	2.33125	3.29431	2.74355	4.90452	3.754	1.9081	4.43436	3.26063	4.24317	6.15197	0.531564	3.21388	5.27453
X131021_UNC9_SN296_0409_BC2M6NACXX_GTTTCG_L006	HR	1.97981	3.62058	3.13677	3.44835	4.18433	3.51299	1.49536	4.19523	0.9306	4.51261	4.28858	0.75505	3.68653	5.23275
X131118_UNC15_SN850_0339_AC347DACXX_ACAGTG_L001	HR	2.28194	3.01259	3.25483	3.27008	3.51615	3.52179	2.2143	4.79683	1.49966	1.63331	5.47153	0.959436	3.90261	5.53786
X131217_UNC14_SN744_0384_BC32YDACXX_GATCAG_L004	LR	1.95882	3.1474	3.7416	3.00364	4.13103	3.22644	1.59403	2.45372	1.23442	3.36301	5.5202	0.591588	2.54591	6.44905
X131217_UNC14_SN744_0384_BC32YDACXX_GCCAAT_L003	HR	1.9216	3.3536	3.70034	2.70191	4.45126	3.84775	1.31996	4.15768	2.39041	2.20356	5.35615	0.365495	3.25278	5.12519
X131217_UNC15_SN850_0343_AC330UACXX_ACAGTG_L003	HR	2.83248	1.95058	2.47112	1.9363	1.64314	4.51315	3.02096	3.84771	2.88675	4.449	3.92115	3.49626	2.23816	5.07815
X131217_UNC15_SN850_0343_AC330UACXX_AGTTCC_L005	HR	2.28007	1.40829	3.34861	2.6556	1.38321	3.96337	1.85916	3.04463	2.77717	5.3204	5.52426	3.00863	3.37668	4.9407
X131217_UNC15_SN850_0343_AC330UACXX_ATCACG_L002	LR	0.924949	3.33213	4.24519	2.23106	4.9373	3.41586	1.05212	4.18821	1.68216	1.27587	6.33377	1.17553	2.88058	5.00922
X131217_UNC15_SN850_0343_AC330UACXX_CGATGT_L003	HR	3.03365	2.6396	3.12427	2.08279	4.6356	4.04223	3.89436	3.25016	4.85901	2.98109	5.00395	0.312007	2.4909	4.81263
X131217_UNC15_SN850_0343_AC330UACXX_GATCAG_L003	LR	1.77893	2.7035	3.25593	3.00708	4.98203	3.68655	1.01345	5.2441	2.36072	2.94614	5.484	1.27053	3.65371	6.1335
X131217_UNC15_SN850_0343_AC330UACXX_GCCAAT_L006	LR	0.770849	3.59223	4.22431	2.24963	2.19027	3.32327	1.25431	3.94127	1.48017	1.5108	6.18156	0.359598	2.97013	5.96626
X131217_UNC15_SN850_0343_AC330UACXX_GTCCGC_L006	LR	1.68419	2.4896	3.71382	3.39581	1.3788	3.56062	2.242	4.23113	1.19954	3.65662	5.79336	0.858875	3.12788	5.31135
X140102_UNC15_SN850_0344_AC384WACXX_ACAGTG_L002	HR	2.71097	1.31736	2.48665	1.91049	1.11638	3.44456	1.61646	2.84316	2.23177	5.47091	5.27253	3.81237	2.99669	3.25725
X140102_UNC15_SN850_0344_AC384WACXX_ATCACG_L005	HR	2.51847	2.33571	2.8462	2.34784	4.33429	3.69081	1.11672	2.8143	3.07446	4.19206	3.85013	4.09125	2.92854	4.39837
X140102_UNC15_SN850_0344_AC384WACXX_CCGTCC_L001	HR	2.53191	1.73784	2.16715	1.09767	0.412476	3.83393	1.3983	1.34497	3.34019	4.67675	2.61107	4.57795	1.65241	1.75875
X140102_UNC15_SN850_0344_AC384WACXX_TGACCA_L001	LR	1.42606	2.7909	3.03983	3.9371	4.7144	3.48078	1.78621	3.67099	1.95783	3.26557	4.93464	1.01269	4.43522	5.75875
X140304_UNC14_SN744_0400_AC3LWGACXX_CGTACG_L006	HR	4.11047	2.85977	3.43304	2.00367	2.89332	4.12543	1.6752	4.13064	1.86612	5.93528	5.70001	0.807546	2.79327	4.42087
X140304_UNC14_SN744_0400_AC3LWGACXX_GAGTGG_L007	HR	4.04528	2.02108	2.85747	2.15572	0.77461	4.08783	2.99897	3.30421	1.52863	4.42113	4.96278	1.16185	3.15403	3.90597
X140304_UNC14_SN744_0400_AC3LWGACXX_GGCTAC_L007	HR	4.27203	0.433177	2.40625	0.933359	1.15985	4.3803	3.53698	3.16404	3.90788	6.4802	4.68321	4.16948	1.37121	3.58496
X140304_UNC14_SN744_0400_AC3LWGACXX_GTGGCC_L001	HR	0.657452	3.06606	3.35121	2.4471	5.3445	3.53455	0.623054	3.87356	1.15363	1.72284	4.29413	0.761713	3.26156	5.12513
X140304_UNC14_SN744_0400_AC3LWGACXX_GTTTCG_L005	LR	1.30648	2.79888	3.70292	3.37684	2.81324	3.68021	0.926161	5.04269	1.63295	1.63295	5.3937	0.304868	3.03983	7.04807
X140305_UNC13_SN749_0334_BC3L6VACXX_ACTGAT_L006	LR	2.47974	3.74414	3.58861	2.70008	1.49537	3.3876	1.45732	4.23943	2.30577	2.55152	4.91004	0.72922	3.70713	5.71408
X140305_UNC13_SN749_0334_BC3L6VACXX_ACTTGA_L008	HR	2.00196	1.94083	3.42481	1.20337	3.18101	3.5738	1.58731	4.36552	2.68993	2.87172	5.08111	2.24252	1.78344	3.76458
X140305_UNC13_SN749_0334_BC3L6VACXX_ATCACG_L006	HR	2.87262	3.01795	3.82806	3.31498	4.11735	3.63503	1.91354	2.93592	1.24368	2.36682	6.12957	0.571132	2.86965	6.02706
X140305_UNC13_SN749_0334_BC3L6VACXX_ATGTCA_L007	LR	1.6003	3.46218	3.90733	1.57346	3.03363	3.78063	1.61158	4.44596	1.40913	2.90066	4.85797	0.171781	2.33719	5.55371
X140305_UNC13_SN749_0334_BC3L6VACXX_ATTCCT_L007	LR	1.41965	2.87262	3.03002	2.2034	4.68592	3.32256	1.66046	3.82882	1.38122	1.75466	5.66324	0.203116	2.34746	5.9394
X140305_UNC13_SN749_0334_BC3L6VACXX_GTCCGC_L003	HR	2.16836	3.06691	4.09385	3.39327	4.88344	3.41014	1.33337	4.62561	3.02136	3.21965	6.20955	1.06257	3.62803	5.06625
X140305_UNC13_SN749_0334_BC3L6VACXX_TTAGGC_L005	HR	2.37686	3.48102	4.35022	1.11454	2.10373	3.24686	3.25993	3.02704	1.21976	4.0317	5.63001	0.218553	1.59858	5.94781
X140312_UNC11_SN627_0348_AC3KRYACXX_AGTCAA_L003	LR	1.49497	3.79824	3.63726	3.44304	4.11569	3.32688	1.27542	5.40033	1.78302	1.1972	6.58555	0.675001	4.17844	5.44011
X140312_UNC11_SN627_0348_AC3KRYACXX_CAGATC_L008	LR	2.78139	2.91987	3.6791	2.62823	1.24141	3.42954	1.51601	5.26325	1.47356	3.25746	5.95919	0.598926	2.17259	6.18554
X140312_UNC11_SN627_0348_AC3KRYACXX_CCGTCC_L003	LR	1.70414	3.08104	3.65474	2.62237	4.40463	3.2581	0.625793	4.91001	2.73416	1.34319	5.18562	2.92901	2.7834	4.62587
X140312_UNC11_SN627_0348_AC3KRYACXX_CGATGT_L002	LR	1.36413	3.63888	4.08801	3.27337	3.50211	3.27394	1.97615	5.82394	1.81874	2.103	5.68919	0.441758	4.16946	6.20591
X140312_UNC11_SN627_0348_AC3KRYACXX_CTTGTA_L007	HR	3.4617	1.30735	2.84497	3.60878	1.4294	4.00309	2.08984	2.55762	1.95379	4.9821	5.00442	3.78429	3.59444	4.18703
X140312_UNC11_SN627_0348_AC3KRYACXX_GCCAAT_L007	HR	2.70543	0.639935	4.61345	2.29669	1.65113	3.58732	2.68117	3.47523	2.87579	6.05061	4.05749	0.852088	2.66102	3.40632
X140312_UNC11_SN627_0348_AC3KRYACXX_GTCCGC_L003	HR	1.96077	2.53724	3.11771	1.84102	1.365	3.01413	1.72788	4.5329	2.61084	1.71812	6.86511	0.241651	2.44364	3.93798
X140312_UNC11_SN627_0348_AC3KRYACXX_GTGAAA_L006	HR	2.78566	2.01709	2.40101	0.695695	0.337929	4.11915	2.28354	2.78979	2.06283	4.68253	5.57475	2.6414	3.90156	4.35336
X140312_UNC11_SN627_0348_AC3KRYACXX_TGACCA_L002	HR	1.55001	3.10453	2.72236	2.60244	2.68008	3.72577	2.34814	4.49744	2.66241	2.96198	3.52119	1.83431	2.10434	5.54513
X140312_UNC15_SN850_0357_AC3M7FACXX_GATCAG_L003	HR	1.60528	3.16695	2.97852	1.70712	3.20997	2.98468	1.15805	1.31957	2.16514	1.72457	6.29237	0.627805	2.08097	5.94976
X140318_UNC12_SN629_0354_AC3K7VACXX_ACTTGA_L002	LR	2.51409	3.48993	4.12229	3.19339	3.46074	3.6398	1.79153	4.9308	0.833575	2.5676	6.26857	0.436331	2.70275	7.33637
X140318_UNC12_SN629_0354_AC3K7VACXX_AGTCAA_L003	LR	1.99429	2.74637	2.80313	2.59395	4.25738	3.54877	1.6516	5.33434	3.89956	2.29351	4.37197	0.484104	2.52735	5.57787
X140318_UNC12_SN629_0354_AC3K7VACXX_AGTTCC_L005	HR	3.14473	1.8763	3.63733	3.06425	2.76765	3.90935	3.29687	3.12662	2.75753	5.25796	5.56834	4.04891	3.02378	3.5579
X140318_UNC12_SN629_0354_AC3K7VACXX_ATCACG_L001	HR	2.59245	1.3794	2.38168	1.68452	0.968463	3.52673	3.43654	3.16536	5.59923	1.7719	5.57422	4.78567	1.7062	3.0966
X140318_UNC12_SN629_0354_AC3K7VACXX_ATCACG_L004	LR	1.90525	3.86286	3.23222	3.31234	2.64366	3.82399	1.20842	3.9504	2.21193	3.88063	5.06198	0.455129	3.35795	5.51372
X140318_UNC12_SN629_0354_AC3K7VACXX_ATCACG_L008	LR	2.63532	3.52448	3.47029	3.01415	4.57537	3.72122	1.47731	3.54191	3.21033	4.3604	5.56775	0.403613	3.32684	5.08674
X140318_UNC12_SN629_0354_AC3K7VACXX_CCGTCC_L003	HR	1.87852	2.6913	3.95713	1.88679	2.56584	4.1795	2.56305	2.65884	1.55053	4.48999	5.20484	1.44952	1.94803	6.28608
X140318_UNC12_SN629_0354_AC3K7VACXX_CTTGTA_L005	HR	2.41425	3.37139	2.81916	3.88236	5.00269	3.56052	1.40123	4.92611	1.25882	2.57307	4.69056	0.86141	3.93338	4.70321
X140318_UNC12_SN629_0354_AC3K7VACXX_GTGAAA_L007	LR	1.61076	3.52523	3.64948	2.5232	1.81517	4.0214	2.15077	3.52523	1.00638	0.957777	4.8245	1.5403	1.62683	5.79505
X140318_UNC12_SN629_0354_AC3K7VACXX_TTAGGC_L006	HR	3.01351	2.16792	2.57008	2.80529	3.74731	3.52111	2.60253	2.67636	1.92335	2.9479	4.98556	1.59541	2.70559	5.65492
X140318_UNC14_SN744_0403_AC3M3WACXX_ATCACG_L007	HR	1.74643	3.63068	3.78814	1.97652	0.661704	4.045	3.23609	4.54795	3.57051	0.952652	6.11128	1.18445	2.19065	5.83992
X140318_UNC14_SN744_0403_AC3M3WACXX_CAGATC_L006	HR	3.10617	1.81526	2.93393	2.5256	4.59699	3.93032	2.70478	4.0185	3.53923	3.8336	4.52048	1.31982	2.35332	4.79988
X140318_UNC14_SN744_0403_AC3M3WACXX_CCGTCC_L002	HR	3.29754	2.04294	3.08641	2.26526	3.37612	3.88076	2.4187	2.93299	2.19591	4.89945	6.13871	1.39872	2.30145	3.35381
X140318_UNC14_SN744_0403_AC3M3WACXX_CGATGT_L001	HR	2.52417	0.947307	2.75853	0.845644	0.517953	3.58801	1.81222	3.04044	3.97632	3.95956	3.26647	4.48764	1.24273	2.74349
X140318_UNC14_SN744_0403_AC3M3WACXX_CGATGT_L003	HR	3.10112	2.9658	3.06684	2.27711	4.78878	4.13509	1.21077	3.34109	1.45144	3.99476	6.16736	0.658279	2.45826	5.52712
X140318_UNC14_SN744_0403_AC3M3WACXX_GCCAAT_L004	HR	1.73589	1.93737	3.18403	0.895038	0.383492	3.19767	0.798079	3.24812	3.54842	3.11754	4.82865	0.742247	1.38262	3.86798
X140318_UNC14_SN744_0403_AC3M3WACXX_GCCAAT_L007	LR	1.3707	3.44684	4.05954	3.94462	4.67037	3.43965	1.23457	4.87825	1.08865	1.66182	5.80759	0.792908	4.38031	5.21499
X140318_UNC14_SN744_0403_AC3M3WACXX_GTGAAA_L002	HR	2.67791	3.90476	4.0399	2.14387	1.6342	3.67747	1.9927	2.42435	0.882975	4.10515	4.83769	0.633397	2.29019	5.96373
X140318_UNC14_SN744_0403_AC3M3WACXX_TGACCA_L001	HR	3.35145	2.37571	3.03213	2.05992	3.74469	3.69634	2.51182	2.60637	1.33801	4.50285	4.25057	1.83683	2.03093	5.5917
X140318_UNC14_SN744_0403_AC3M3WACXX_TGACCA_L004	HR	1.55124	2.14609	1.46061	0.639358	1.05375	4.18853	2.97782	0.826151	0.447506	2.89093	1.38559	0.193991	0.553636	5.51482
X140318_UNC14_SN744_0403_AC3M3WACXX_TTAGGC_L001	HR	2.30216	1.49854	2.52949	2.10319	0.860213	3.54978	1.8648	3.25076	3.33802	3.81905	3.74752	0.974406	2.34101	4.56681
X140325_UNC11_SN627_0349_AC3KB8ACXX_ACAGTG_L008	HR	2.1156	1.81438	2.55875	1.10448	1.80676	3.70626	3.07392	1.28729	1.99441	2.60912	5.02499	3.50829	1.13487	5.12007
X140325_UNC11_SN627_0349_AC3KB8ACXX_ACTTGA_L002	HR	2.14858	3.2788	3.76038	3.31699	2.11214	3.61197	1.88014	4.06816	1.12587	5.10222	4.39592	0.897387	3.03474	5.84957
X140325_UNC11_SN627_0349_AC3KB8ACXX_AGTCAA_L008	HR	2.25923	1.24899	2.06721	0.433454	4.24458	4.11211	2.2841	1.24899	4.33503	1.85797	2.55422	2.54953	2.43883	3.32331
X140325_UNC11_SN627_0349_AC3KB8ACXX_CAGATC_L006	HR	2.10166	3.15172	3.32594	3.85125	4.75214	3.71828	1.92867	4.90392	1.73113	3.19865	5.23212	2.10435	4.6602	4.86952
X140325_UNC11_SN627_0349_AC3KB8ACXX_CTTGTA_L004	HR	3.07305	2.39426	4.17858	2.28742	1.20734	3.15147	1.37664	4.3583	1.33577	4.36639	4.83994	0.771716	2.13497	5.33717
X140325_UNC11_SN627_0349_AC3KB8ACXX_GATCAG_L002	HR	0.648395	0.0620664	1.85548	0.781437	0.175716	5.4237	2.01908	1.74719	2.60878	0.810327	1.34377	0.215211	0.28981	2.63323
X140325_UNC11_SN627_0349_AC3KB8ACXX_GATCAG_L008	LR	2.64319	3.06709	3.5527	2.40678	2.84571	2.97925	1.78542	4.63139	1.53353	4.1109	6.30536	1.10658	2.21261	5.18167
X140325_UNC11_SN627_0349_AC3KB8ACXX_GCCAAT_L004	HR	2.43015	1.36441	2.92465	3.22258	1.61795	3.45545	2.11229	4.12584	3.27963	4.15783	5.27386	0.994072	2.84608	3.20082
X140404_UNC11_SN627_0350_BC3K66ACXX_ATCACG_L001	HR	2.68812	3.13752	2.07972	0.789231	2.947	3.64361	1.66303	1.71427	1.92039	4.92587	3.61479	1.57613	1.47038	5.98587
X140404_UNC11_SN627_0350_BC3K66ACXX_ATCACG_L008	HR	2.29855	2.37895	3.11279	0.165386	1.50383	3.47588	2.23239	0.987322	3.89721	4.39283	2.97834	0.245255	0.857406	6.4606
X140404_UNC11_SN627_0350_BC3K66ACXX_GTCCGC_L001	HR	2.93695	2.97648	3.20917	2.746	3.0561	3.97623	1.61709	3.24964	1.48959	4.3603	3.93711	0.190445	1.96886	4.57745
X140404_UNC11_SN627_0350_BC3K66ACXX_TTAGGC_L004	HR	2.20662	3.00942	2.39097	0.615261	4.03366	3.2117	0.940585	3.32085	3.99354	3.55352	4.18427	0.506391	2.40516	2.29258
X140424_UNC12_SN629_0365_AC4368ACXX_CCGTCC_L008	HR	3.47229	1.90859	2.04086	1.33393	1.61569	4.67613	3.26104	2.41279	2.66081	4.87354	3.74144	1.1665	1.70623	3.6483
X140424_UNC13_SN749_0344_AC3WUKACXX_AGTTCC_L004	HR	2.88311	1.35903	2.20422	1.91469	1.78248	3.76375	2.07295	2.67028	2.7363	3.16833	4.27557	5.17149	3.31067	4.02946
X140502_UNC12_SN629_0366_AC3UT1ACXX_GCCAAT_L005	HR	3.0682	0.762141	2.20853	0.746092	1.5406	3.2836	2.1447	2.2843	6.23808	3.54247	3.53802	2.32514	1.67064	2.20478
X140502_UNC12_SN629_0366_AC3UT1ACXX_TAGCTT_L003	LR	1.15643	3.7907	3.25907	2.94826	5.06517	3.62852	1.06278	5.19864	0.860346	1.38932	5.39901	0.450008	3.52191	5.30497
X140506_UNC15_SN850_0363_BC3YJYACXX_ACTGAT_L007	HR	2.9569	2.97582	3.51209	2.45149	1.829	4.02145	3.9293	2.30281	0.74304	4.39981	4.01182	4.69389	2.28936	6.58084
X140506_UNC15_SN850_0363_BC3YJYACXX_ACTTGA_L003	HR	2.86843	1.11271	2.81729	0.889284	0.763937	3.75615	2.60581	3.12857	3.2675	4.9373	4.51634	0.866947	1.91769	3.91318
X140506_UNC15_SN850_0363_BC3YJYACXX_CGTACG_L005	LR	1.78113	3.42056	2.4765	3.18366	4.37407	3.38588	0.834377	4.32073	1.50471	2.334	6.75658	1.58464	3.53185	5.4731
X140506_UNC15_SN850_0363_BC3YJYACXX_GCCAAT_L008	HR	1.65455	1.31057	1.25275	0.455471	4.15682	3.59457	2.71697	0.99869	2.78946	1.49548	2.07783	1.24817	0.325419	5.12139
X140506_UNC15_SN850_0363_BC3YJYACXX_GGCTAC_L007	HR	3.63375	1.0937	2.99508	2.42165	1.8101	4.33265	2.03508	2.98339	1.51936	3.11728	4.42908	3.22867	2.17159	2.44573
X140506_UNC15_SN850_0363_BC3YJYACXX_GTGGCC_L004	LR	2.32096	0.872498	2.01408	3.06796	5.35045	3.28087	1.30607	3.71261	2.57284	2.36436	5.67585	1.6409	3.38175	3.79336
X140506_UNC15_SN850_0363_BC3YJYACXX_TAGCTT_L007	HR	2.22565	0.808868	2.06136	1.09038	0.548145	4.27984	1.66934	1.98175	3.90164	4.03242	3.06197	0.556385	2.07942	3.03343
X140506_UNC15_SN850_0363_BC3YJYACXX_TGACCA_L006	HR	1.61747	0.235025	1.8916	2.40204	4.34458	3.18744	3.16159	1.59533	3.99284	1.50149	4.53663	3.01803	2.91702	1.47153
X140508_UNC12_SN629_0367_AC3U9RACXX_ACTTGA_L002	HR	2.72897	0.563109	1.89034	0.367287	0.52495	3.8151	1.53668	1.53314	2.3277	5.38053	3.77104	3.19082	1.29825	2.48737
X140508_UNC12_SN629_0367_AC3U9RACXX_ATTCCT_L004	HR	2.67971	2.02825	3.39215	2.91645	2.68145	4.20933	2.54235	3.94755	2.6935	4.5065	5.40592	0.735961	2.81573	4.71669
X140508_UNC12_SN629_0367_AC3U9RACXX_CGATGT_L001	HR	1.24346	1.83085	3.11321	3.96688	3.35558	3.7466	2.11571	3.36551	2.92769	2.45285	4.52757	0.842947	3.84115	5.24459
X140508_UNC12_SN629_0367_AC3U9RACXX_CGTACG_L002	HR	2.15768	2.81257	4.6685	0.484269	1.19898	4.51707	3.09487	4.49275	0.976374	4.82873	4.76908	3.55344	0.699306	6.41236
X140508_UNC12_SN629_0367_AC3U9RACXX_GAGTGG_L002	HR	2.3635	3.97578	4.07426	2.1359	2.18092	3.81461	2.63904	4.97936	1.08805	4.63351	5.70992	2.04686	2.17208	6.35538
X140508_UNC12_SN629_0367_AC3U9RACXX_GATCAG_L001	HR	1.98007	1.57247	1.80163	0.699082	0.699082	4.26768	1.58819	4.57153	2.11084	3.989	4.97552	0.174731	0.464909	2.15606
X140508_UNC12_SN629_0367_AC3U9RACXX_GTGGCC_L001	HR	3.25195	1.45311	2.04988	2.65714	3.98899	4.11198	2.4057	4.08784	3.59921	5.38288	4.88095	3.12016	3.28936	4.42957
X140508_UNC12_SN629_0367_AC3U9RACXX_GTTTCG_L004	HR	1.84888	3.36592	3.31079	1.03894	2.35422	2.87761	1.0011	2.21773	4.64905	3.01635	5.36977	3.71685	1.49594	4.19676
X140508_UNC12_SN629_0367_AC3U9RACXX_TGACCA_L003	HR	3.12632	2.76905	3.22051	2.28083	1.89824	3.51705	1.59718	3.41607	0.851984	3.36984	5.30145	0.594888	2.54468	5.50726
X140509_UNC11_SN627_0357_BC4CGKACXX_ACAGTG_L006	LR	1.503	3.32885	3.6425	3.31006	4.17437	3.76969	1.32732	4.99455	2.58983	2.04415	3.99729	1.48176	4.05105	5.56389
X140509_UNC11_SN627_0357_BC4CGKACXX_ACAGTG_L008	LR	1.56511	3.30216	3.88574	2.66539	4.61248	3.99981	1.67592	2.05856	1.98648	2.41847	5.67503	0.294544	2.67079	7.02033
X140509_UNC11_SN627_0357_BC4CGKACXX_ACTTGA_L001	HR	1.87097	2.87806	3.24574	2.38123	1.87097	3.09106	1.98507	3.97681	2.52191	2.99087	5.60957	1.50409	2.54237	2.70377
X140509_UNC11_SN627_0357_BC4CGKACXX_AGTCAA_L008	HR	3.15243	1.27676	2.06864	2.15167	2.32422	4.06597	3.77946	2.56303	2.28062	3.80682	3.79183	0.651679	2.17671	4.46507
X140509_UNC11_SN627_0357_BC4CGKACXX_AGTTCC_L007	HR	3.86961	2.29769	3.3862	1.67725	0.737934	4.04986	1.54669	3.60308	1.78752	5.89914	4.37677	0.602404	1.6141	4.46415
X140509_UNC11_SN627_0357_BC4CGKACXX_ATCACG_L001	HR	1.48229	2.50291	3.31191	3.53549	4.78509	4.28567	1.72886	4.71727	1.56785	3.51891	4.52726	0.862063	3.45994	5.68869
X140509_UNC11_SN627_0357_BC4CGKACXX_CAGATC_L005	HR	2.92271	2.21444	2.33797	0.862642	1.66844	4.08207	0.900041	1.80358	4.65882	4.51701	3.89895	4.54537	3.07345	1.39991
X140509_UNC11_SN627_0357_BC4CGKACXX_CCGTCC_L004	HR	2.45334	3.36846	2.06319	2.05383	3.49625	3.24431	2.04201	4.70945	3.72376	1.28144	4.95177	0.732867	2.36956	5.02422
X140509_UNC11_SN627_0357_BC4CGKACXX_CTTGTA_L006	HR	2.9149	1.29223	1.73491	0.280448	0.616214	4.01432	2.285	2.27279	1.78188	4.38677	3.17099	1.09072	1.49103	4.00287
X140509_UNC11_SN627_0357_BC4CGKACXX_GATCAG_L004	HR	1.42868	2.13804	3.0115	2.80993	2.57857	3.81038	1.56757	5.07533	2.79955	2.66725	6.09935	2.58828	3.14469	6.48451
X140509_UNC11_SN627_0357_BC4CGKACXX_GTCCGC_L005	HR	1.93602	2.16805	3.22325	3.24074	3.02546	4.23989	1.33802	3.84449	1.53046	3.84532	4.20574	0.901592	3.47602	4.00796
X140509_UNC11_SN627_0357_BC4CGKACXX_GTGAAA_L008	HR	3.14093	2.8591	3.22682	2.73999	1.75052	3.75263	1.55886	4.12675	3.28888	4.41763	4.3082	2.64295	2.98235	3.56456
X140509_UNC11_SN627_0357_BC4CGKACXX_TTAGGC_L006	LR	1.86472	2.95311	3.94652	3.49662	4.01875	3.30887	1.23375	4.42381	1.12281	2.50339	5.41213	1.40614	3.57032	4.44006
X140509_UNC11_SN627_0357_BC4CGKACXX_TTAGGC_L007	HR	2.50989	0.872519	2.23619	0.475244	3.13335	3.69332	1.51609	1.54382	5.6719	3.69093	7.32453	4.7125	4.13307	1.81993
X140509_UNC12_SN629_0368_BC4241ACXX_AGTCAA_L001	LR	1.79402	3.64985	4.05047	3.06792	1.48995	3.47024	2.72995	4.18991	1.36688	1.30638	6.89112	2.16811	3.54558	4.84874
X140509_UNC12_SN629_0368_BC4241ACXX_ATCACG_L001	HR	2.60283	2.58874	3.90502	1.03686	0.0664354	4.24088	3.57534	1.81397	1.30729	1.89202	4.43405	0.947757	1.20463	5.04977
X140815_UNC11_SN627_0374_AC5FPLACXX_AGTTCC_L002	LR	1.84642	3.30418	3.50296	3.06569	4.12162	3.76139	1.76468	4.66561	1.5169	1.15711	5.6747	0.323956	3.03948	5.83038
X140815_UNC11_SN627_0374_AC5FPLACXX_CCGTCC_L006	HR	1.64938	1.71866	2.56202	1.0974	1.5949	3.69863	1.97635	2.5159	4.11361	3.12667	5.53165	4.95968	2.51196	3.72754
X140815_UNC11_SN627_0374_AC5FPLACXX_CCGTCC_L007	HR	2.64209	1.28823	1.97	1.26691	2.98337	3.51794	3.09731	1.57904	5.19593	3.54921	3.31625	3.97852	1.25244	3.77349
X140815_UNC11_SN627_0374_AC5FPLACXX_CTTGTA_L006	HR	2.33562	1.48857	1.7063	1.37629	2.42412	4.45763	4.15601	3.31657	4.30799	2.76677	3.50749	5.33395	2.49169	3.11735
X140815_UNC11_SN627_0375_BC59VCACXX_ACTTGA_L004	HR	1.17007	3.52354	3.70449	3.21089	4.49553	3.61365	1.34195	4.23738	1.94088	2.67341	5.473	0.460454	3.765	6.4469
X140815_UNC11_SN627_0375_BC59VCACXX_CCGTCC_L001	HR	2.88254	0.849101	2.33343	0.956184	1.01173	5.05623	4.04874	1.73283	5.21671	5.18411	4.3379	4.06446	1.34122	2.031
X140815_UNC11_SN627_0375_BC59VCACXX_CGATGT_L003	HR	1.64785	0.303339	2.89642	0.120069	1.89974	4.95801	2.30552	0.724219	5.32538	2.27539	4.43041	3.46752	4.12109	2.03815
X140815_UNC11_SN627_0375_BC59VCACXX_GCCAAT_L003	HR	2.81357	2.77342	3.46812	1.21799	4.63583	3.71215	3.42636	2.75332	2.33364	4.38604	5.42753	3.40977	1.65197	5.35496
X140815_UNC11_SN627_0375_BC59VCACXX_GCCAAT_L008	HR	4.24699	1.91456	3.95857	2.40494	3.07659	4.26065	1.90745	3.68601	2.21607	5.03743	4.50268	3.58017	2.34995	4.49948
X140815_UNC11_SN627_0375_BC59VCACXX_GTGAAA_L001	HR	2.5767	0.574748	2.95836	0.550162	1.67322	4.38641	4.0287	2.00348	2.82436	5.30142	3.64832	2.8604	1.58879	3.9691
X140815_UNC11_SN627_0375_BC59VCACXX_GTGAAA_L002	HR	3.24626	2.00977	2.89804	3.10243	1.74245	3.40304	2.55513	1.82571	1.79711	2.94209	4.28078	4.25503	1.89383	1.89164
X140815_UNC11_SN627_0375_BC59VCACXX_TGACCA_L002	HR	3.29094	0.404573	2.48245	1.93914	1.02119	4.11589	2.56007	2.34895	1.66199	4.12349	3.85877	0.484479	2.93032	4.93518
X140815_UNC11_SN627_0375_BC59VCACXX_TGACCA_L004	HR	1.68665	1.90857	2.26846	1.47591	1.07644	3.44665	3.08475	2.59928	5.17556	2.45599	3.51293	1.3863	1.99274	3.94172
X140815_UNC9_SN296_0431_BC5AG8ACXX_ACTTGA_L001	HR	4.03556	1.45409	2.97114	2.19253	1.59538	4.03154	3.26596	3.76642	0.939649	5.62246	4.88645	0.500544	2.97114	4.23385
X140815_UNC9_SN296_0431_BC5AG8ACXX_AGTTCC_L001	HR	2.34307	1.72924	2.80486	2.21362	3.06863	4.45066	2.04689	3.19428	2.5659	2.49313	4.36557	0.351703	3.20715	4.10438
X140815_UNC9_SN296_0431_BC5AG8ACXX_CTTGTA_L001	HR	2.8675	1.58624	3.30551	2.40369	0.711509	3.88967	2.4981	3.50013	2.12366	4.21391	4.22444	4.27284	4.09061	2.60509
X140815_UNC9_SN296_0431_BC5AG8ACXX_CTTGTA_L002	HR	2.66212	0.175258	1.92113	3.03685	0.521243	3.91769	1.45483	3.43725	2.78255	3.4123	4.32794	1.78849	4.12309	4.10114
X140820_UNC17_D00216_0240_AC5FB2ACXX_ACAGTG_L002	HR	5.46667	0.872818	3.54176	0.729126	1.71369	3.95655	2.70915	2.13592	3.10912	7.01679	5.33783	3.67937	1.89291	2.08347
X140820_UNC17_D00216_0240_AC5FB2ACXX_ACTTGA_L005	HR	3.39448	0.768288	2.40546	1.39094	1.08265	3.96685	4.41889	2.20178	5.07243	5.40246	4.34621	3.83802	1.40049	3.59567
X140820_UNC17_D00216_0240_AC5FB2ACXX_ACTTGA_L008	LR	2.00565	1.21861	4.3712	2.54703	2.11081	3.53047	0.881767	5.40806	0.81268	2.68689	4.84393	0.35762	3.77049	4.72813
X140820_UNC17_D00216_0240_AC5FB2ACXX_ATTCCT_L008	LR	1.28854	2.86903	3.73063	2.09834	4.11351	3.57864	1.72429	4.92593	2.95733	0.989208	6.35995	0.28792	2.13352	5.54913
X140820_UNC17_D00216_0240_AC5FB2ACXX_GAGTGG_L006	HR	1.96724	3.84931	4.12707	1.09401	3.75944	3.39129	1.46597	4.95055	1.89607	3.48261	4.06965	1.8332	1.80901	4.50544
X140820_UNC17_D00216_0240_AC5FB2ACXX_GAGTGG_L007	HR	2.76526	0.898406	2.63192	3.15434	1.68028	3.76211	1.77395	4.03321	0.928607	4.5405	5.71375	0.986402	3.78403	5.30359
X140820_UNC17_D00216_0240_AC5FB2ACXX_GATCAG_L003	LR	0.956473	1.06259	1.788	3.83634	2.77746	3.9859	1.99295	3.14695	2.03824	1.02846	4.58075	0.726743	5.47594	2.8116
X140820_UNC17_D00216_0240_AC5FB2ACXX_GGCTAC_L003	LR	0.833955	3.4219	3.3463	3.01256	4.67825	3.65813	1.36217	4.83831	1.91277	0.775294	5.00367	0.945513	2.65537	5.00919
X140820_UNC17_D00216_0240_AC5FB2ACXX_GGCTAC_L005	LR	1.36036	2.90173	3.42628	3.90738	3.05407	3.72296	1.82286	5.04003	1.00024	0.675936	5.43041	1.25411	4.07478	4.80385
X140820_UNC17_D00216_0240_AC5FB2ACXX_GTGGCC_L008	HR	2.02002	2.94784	3.19183	3.17947	3.44365	3.65484	1.22118	4.82941	1.24298	1.9481	4.54879	0.444967	3.60125	6.15858
X140820_UNC17_D00216_0240_AC5FB2ACXX_GTTTCG_L004	LR	2.09905	3.32677	4.0481	3.27749	4.82523	3.27943	1.14607	5.00573	1.32085	2.56885	5.70036	0.857027	3.94896	5.28541
X140820_UNC17_D00216_0240_AC5FB2ACXX_GTTTCG_L005	LR	0.88787	3.51704	3.13004	2.66348	3.5033	2.97499	1.19336	4.39435	1.42703	1.15119	5.47462	0.280235	3.25048	6.28262
X140820_UNC17_D00216_0240_AC5FB2ACXX_GTTTCG_L007	HR	2.49238	2.01192	3.5431	2.09535	3.03677	4.04886	2.63274	4.17588	2.78657	4.20001	4.89531	3.35551	2.36908	4.029
X140820_UNC17_D00216_0240_AC5FB2ACXX_TAGCTT_L007	HR	2.63086	1.01888	2.66331	2.97512	3.82718	4.14651	3.32321	2.77274	1.80826	1.88066	4.6821	0.880089	2.88666	6.4521
X140820_UNC17_D00216_0240_AC5FB2ACXX_TTAGGC_L004	HR	3.20392	0.314723	2.51426	0.967676	1.83156	3.51755	2.90913	2.2858	3.2796	3.90894	4.00935	2.28359	1.69751	0.502428
X140820_UNC17_D00216_0241_BC5DBKACXX_ACTGAT_L007	HR	2.85073	0.425441	1.82571	0.608579	0.96417	4.21284	4.08149	3.05914	2.44688	2.31247	3.00756	4.32276	0.418486	0.192359
X140820_UNC17_D00216_0241_BC5DBKACXX_ATTCCT_L001	HR	3.71865	1.45171	2.64037	2.03695	0.989727	3.59733	3.86927	3.40669	1.71666	3.35289	4.46038	0.674853	2.75222	4.04706
X140820_UNC17_D00216_0241_BC5DBKACXX_ATTCCT_L003	HR	0.565073	2.00121	3.44998	1.20512	4.47967	2.72884	0.531303	4.73647	2.5811	0.732818	4.82867	0.0287959	0.403227	6.68933
X140820_UNC17_D00216_0241_BC5DBKACXX_CGATGT_L004	HR	2.46665	1.25846	2.84149	2.73891	1.93758	3.64361	1.70406	2.45647	1.59181	3.16295	3.89018	0.23528	2.30712	6.32038
X140820_UNC17_D00216_0241_BC5DBKACXX_CGATGT_L006	HR	2.13314	2.8672	3.67839	3.15935	3.99106	3.80265	1.65133	4.22907	2.59784	3.67962	5.25731	2.91122	3.28045	4.58128
X140820_UNC17_D00216_0241_BC5DBKACXX_CGTACG_L002	HR	3.46019	2.17957	2.717	2.59712	1.20842	4.23453	1.34207	3.51524	2.07932	4.55096	5.13729	0.945099	3.07419	4.04011
X140820_UNC17_D00216_0241_BC5DBKACXX_CGTACG_L005	HR	2.6983	2.43945	2.31321	0.354162	0.292661	3.02872	1.26006	3.01987	3.41713	4.51246	5.23557	4.48381	3.78356	1.61084
X140820_UNC17_D00216_0241_BC5DBKACXX_GATCAG_L008	HR	1.95487	0.8412	2.38585	2.51487	2.03092	4.87819	1.61107	3.03921	2.98941	2.38818	3.34452	0.265758	3.03434	3.59635
X140820_UNC17_D00216_0241_BC5DBKACXX_GCCAAT_L007	HR	2.11698	0.436129	2.83998	0.128109	2.17368	5.09588	2.92151	1.79091	0.824086	2.02786	3.60811	4.14375	1.68842	2.92818
X140820_UNC17_D00216_0241_BC5DBKACXX_GCCAAT_L008	HR	3.89812	0.864507	3.0373	1.28776	1.06711	4.46045	2.155	2.1187	2.24581	5.14135	3.91134	3.02244	1.32659	3.59265
X140820_UNC17_D00216_0241_BC5DBKACXX_TAGCTT_L001	HR	2.88798	3.42296	2.79314	2.3095	3.86907	3.59229	2.15258	4.39881	3.2178	3.79317	4.86692	0.752637	3.11839	6.21503
X140820_UNC17_D00216_0241_BC5DBKACXX_TGACCA_L006	HR	3.90469	1.09924	3.03427	2.0239	2.09724	3.98711	2.14652	2.99457	3.06735	5.67148	4.59453	2.60407	2.03113	4.25157
X140820_UNC17_D00216_0241_BC5DBKACXX_TGACCA_L008	HR	1.94305	2.8353	3.09391	3.80099	4.49125	3.67167	2.20341	5.41391	1.84268	2.42001	5.04486	0.577077	4.51738	5.35242
X140821_UNC11_SN627_0376_AC5FE5ACXX_ATCACG_L001	HR	3.71224	1.04117	2.17293	2.14183	1.82102	3.65261	1.73881	2.90504	2.01574	3.41459	5.0484	5.0269	3.06542	3.31281
X140821_UNC11_SN627_0376_AC5FE5ACXX_GATCAG_L007	HR	2.22022	0.213857	2.61408	1.09048	1.64341	4.20594	2.39303	2.15527	4.71679	2.7697	3.67954	4.56739	1.65324	2.27246
X140821_UNC11_SN627_0376_AC5FE5ACXX_GCCAAT_L001	HR	2.86934	2.72556	3.42123	0.716561	3.10862	3.64526	1.18983	4.67894	3.07308	5.24103	5.68894	0.882186	1.74922	5.02833
X140821_UNC11_SN627_0376_AC5FE5ACXX_GGCTAC_L002	HR	2.81366	0.994317	3.14052	1.47801	2.13768	4.10715	1.36353	2.9421	2.0855	5.11346	4.72664	2.11713	2.1969	4.32892
X140826_UNC9_SN296_0432_AC5CAJACXX_ACAGTG_L005	HR	3.17272	0.669374	3.93278	1.07731	2.54984	4.42941	3.71197	1.97119	4.47455	5.56847	4.18856	2.04146	1.76769	4.71777
X140826_UNC9_SN296_0432_AC5CAJACXX_ATCACG_L002	HR	2.93786	1.47211	3.06286	2.81593	3.95341	3.98412	2.72361	2.80024	2.64832	4.16441	4.48828	0.474169	3.54589	4.94361
X140826_UNC9_SN296_0432_AC5CAJACXX_ATCACG_L004	HR	3.073	1.81202	1.87057	2.51205	3.06979	3.79388	1.13137	3.6524	2.04616	3.50435	5.3261	3.84698	3.36618	4.55156
X140826_UNC9_SN296_0432_AC5CAJACXX_CGTACG_L004	HR	2.68392	0.561477	2.59636	0.940912	2.52303	3.82012	3.69519	1.73326	4.19098	4.66353	3.40075	0.130583	1.86256	4.82727
X140826_UNC9_SN296_0432_AC5CAJACXX_CGTACG_L006	HR	2.57333	2.66777	2.87574	1.67123	2.13105	3.26709	2.38427	1.7673	1.90238	1.1186	5.96758	1.08101	1.52275	5.34222
X140826_UNC9_SN296_0432_AC5CAJACXX_GTGGCC_L003	HR	2.04582	0.225207	2.29501	1.78632	1.03324	5.1083	2.29076	2.03488	3.51025	1.0772	3.12888	2.65158	0.539791	2.11418
X140826_UNC9_SN296_0432_AC5CAJACXX_TAGCTT_L003	HR	3.43967	1.00506	2.57106	1.62164	1.61275	4.00039	2.91209	2.58354	1.772	5.70852	3.99875	1.72524	1.65643	5.69229
X140826_UNC9_SN296_0432_AC5CAJACXX_TAGCTT_L006	HR	3.46835	1.83219	3.25607	1.83219	3.25718	3.97115	3.99624	4.08786	2.31439	1.05218	4.4516	5.02654	1.91157	5.11024
X140826_UNC9_SN296_0432_AC5CAJACXX_TTAGGC_L005	HR	3.43102	2.32568	3.4104	2.67191	2.61094	3.50812	2.10496	3.15021	1.84293	3.93353	4.98015	2.54953	2.95476	5.52216
X141031_UNC11_SN627_0387_AC5FAKACXX_ACTTGA_L007	HR	2.27864	2.11066	2.8063	3.77789	2.65365	3.78894	1.28657	3.97044	3.61721	3.29309	4.18473	3.87069	3.04244	2.68136
X141031_UNC11_SN627_0387_AC5FAKACXX_GATCAG_L008	HR	4.06988	1.57541	2.74245	1.60348	1.32221	4.1707	2.83316	2.34511	1.36327	5.44769	4.31172	1.0737	1.9021	5.68357
X141031_UNC11_SN627_0387_AC5FAKACXX_GTCCGC_L002	HR	2.30081	1.86073	3.97065	0.397546	0.473328	3.55188	2.67904	1.00003	0.436155	3.51655	3.03214	4.14896	0.79329	4.86703
X141031_UNC11_SN627_0387_AC5FAKACXX_GTGAAA_L003	LR	1.34822	2.76915	2.77805	2.61332	3.77775	3.73006	0.29724	3.46222	1.1305	1.81003	4.53688	1.37431	3.66549	4.94632
X141031_UNC11_SN627_0387_AC5FAKACXX_GTTTCG_L005	HR	3.20283	0.730033	2.35678	1.86315	1.08606	4.04801	1.93221	3.72027	2.89497	2.48411	3.77654	2.04653	2.31046	3.98435
X141031_UNC11_SN627_0387_AC5FAKACXX_TAGCTT_L007	HR	2.75983	1.62203	3.34831	2.29795	1.93892	4.43352	1.78244	2.4837	2.47768	3.79855	4.09149	0.622197	2.22101	4.05164
